Workbook

Sheet Sheet1
A1: Szla | B1: Vevő | C1: Dátum | D1: Kelt_hó | E1: Teljesítés | F1: Telj_hó | G1: Cikk | H1: Termékkör | I1: Termékfajta | J1: Megnevezés | K1: Darab | L1: Beker | M1: SzumBeker | N1: KülföldiÁr | O1: Pénznem | P1: Árfolyam | Q1: Listaár | R1: Elad | S1: SzumElad | T1: Jut_% | U1: Jut | V1: ÜK | W1: Rés | X1: Befolyt | Y1: Column1 | Z1: Befolyt2 | AA1: KÜlföldEUR
A2: 727/2026 | B2: Pro Grip Kft. | C2: 46080 | D2: 2 | E2: 46080 | F2: 2 | G2: 4114/27603 | H2: Rakományrögzítők | I2: Alap | J2: 25/0,4 hn 6,0 m rakományrögzítő kék hozott hevederből | K2: 10 | L2: 262.19 | M2: 2621.9 | N2: 0 | O2: Ft | P2: 0 | Q2: 870 | R2: 970 | S2: 9700 | T2: 13.09 | U2: 1269.73 | V2: Négyesy Gábor | W2: 7078.1 | X2: n | Z2: =IF(Y2<>"",Y2,IF(Table1[[#This Row],[Befolyt]]="i",1,"")) | AA2: =Table1[[#This Row],[KülföldiÁr]]*Table1[[#This Row],[Darab]] -> 0
A3: 727/2026 | B3: Pro Grip Kft. | C3: 46080 | D3: 2 | E3: 46080 | F3: 2 | G3: 4114/27602 | H3: Rakományrögzítők | I3: Alap | J3: 25/0,4 hn 6,0 m rakományrögzítő fekete hozott hevederből | K3: 10 | L3: 262.19 | M3: 2621.9 | N3: 0 | O3: Ft | P3: 0 | Q3: 870 | R3: 970 | S3: 9700 | T3: 13.09 | U3: 1269.73 | V3: Négyesy Gábor | W3: 7078.1 | X3: n | Z3: =IF(Y3<>"",Y3,IF(Table1[[#This Row],[Befolyt]]="i",1,"")) | AA3: =Table1[[#This Row],[KülföldiÁr]]*Table1[[#This Row],[Darab]] -> 0
A4: 727/2026 | B4: Pro Grip Kft. | C4: 46080 | D4: 2 | E4: 46080 | F4: 2 | G4: 4114/27607 | H4: Rakományrögzítők | I4: Alap | J4: 25/0,4 hn 4 m rakományrögzítő kék hozott hevederből | K4: 10 | L4: 262.19 | M4: 2621.9 | N4: 0 | O4: Ft | P4: 0 | Q4: 870 | R4: 970 | S4: 9700 | T4: 13.09 | U4: 1269.73 | V4: Négyesy Gábor | W4: 7078.1 | X4: n | Z4: =IF(Y4<>"",Y4,IF(Table1[[#This Row],[Befolyt]]="i",1,"")) | AA4: =Table1[[#This Row],[KülföldiÁr]]*Table1[[#This Row],[Darab]] -> 0
A5: 727/2026 | B5: Pro Grip Kft. | C5: 46080 | D5: 2 | E5: 46080 | F5: 2 | G5: 4114/27606 | H5: Rakományrögzítők | I5: Alap | J5: 25/0,4 hn 4 m rakományrögzítő fekete hozott hevederből | K5: 10 | L5: 262.19 | M5: 2621.9 | N5: 0 | O5: Ft | P5: 0 | Q5: 870 | R5: 970 | S5: 9700 | T5: 13.09 | U5: 1269.73 | V5: Négyesy Gábor | W5: 7078.1 | X5: n | Z5: =IF(Y5<>"",Y5,IF(Table1[[#This Row],[Befolyt]]="i",1,"")) | AA5: =Table1[[#This Row],[KülföldiÁr]]*Table1[[#This Row],[Darab]] -> 0
A6: 727/2026 | B6: Pro Grip Kft. | C6: 46080 | D6: 2 | E6: 46080 | F6: 2 | G6: 4114/27611 | H6: Rakományrögzítők | I6: Alap | J6: 25/0,4 hn 3,0 m rakományrögzítő kék hozott hevederből | K6: 9 | L6: 262.19 | M6: 2359.71 | N6: 0 | O6: Ft | P6: 0 | Q6: 870 | R6: 970 | S6: 8730 | T6: 13.09 | U6: 1142.757 | V6: Négyesy Gábor | W6: 6370.29 | X6: n | Z6: =IF(Y6<>"",Y6,IF(Table1[[#This Row],[Befolyt]]="i",1,"")) | AA6: =Table1[[#This Row],[KülföldiÁr]]*Table1[[#This Row],[Darab]] -> 0
A7: 727/2026 | B7: Pro Grip Kft. | C7: 46080 | D7: 2 | E7: 46080 | F7: 2 | G7: 4114/27612 | H7: Rakományrögzítők | I7: Alap | J7: 25/0,4 hn 3,0 m rakományrögzítő kék | K7: 1 | L7: 379.98 | M7: 379.98 | N7: 0 | O7: Ft | P7: 0 | Q7: 1160 | R7: 1260 | S7: 1260 | T7: 12.38 | U7: 155.988 | V7: Négyesy Gábor | W7: 880.02 | X7: n | Z7: =IF(Y7<>"",Y7,IF(Table1[[#This Row],[Befolyt]]="i",1,"")) | AA7: =Table1[[#This Row],[KülföldiÁr]]*Table1[[#This Row],[Darab]] -> 0
A8: 727/2026 | B8: Pro Grip Kft. | C8: 46080 | D8: 2 | E8: 46080 | F8: 2 | G8: 4114/27610 | H8: Rakományrögzítők | I8: Alap | J8: 25/0,4 hn 3,0 m rakományrögzítő fekete hozott hevederből | K8: 10 | L8: 262.19 | M8: 2621.9 | N8: 0 | O8: Ft | P8: 0 | Q8: 870 | R8: 970 | S8: 9700 | T8: 13.09 | U8: 1269.73 | V8: Négyesy Gábor | W8: 7078.1 | X8: n | Z8: =IF(Y8<>"",Y8,IF(Table1[[#This Row],[Befolyt]]="i",1,"")) | AA8: =Table1[[#This Row],[KülföldiÁr]]*Table1[[#This Row],[Darab]] -> 0
A9: 727/2026 | B9: Pro Grip Kft. | C9: 46080 | D9: 2 | E9: 46080 | F9: 2 | G9: 4114/27617 | H9: Rakományrögzítők | I9: Alap | J9: 25/0,4 hn 2 m rakományrögzítő kék hozott hevederből | K9: 3 | L9: 262.19 | M9: 786.57 | N9: 0 | O9: Ft | P9: 0 | Q9: 870 | R9: 970 | S9: 2910 | T9: 13.09 | U9: 380.919 | V9: Négyesy Gábor | W9: 2123.43 | X9: n | Z9: =IF(Y9<>"",Y9,IF(Table1[[#This Row],[Befolyt]]="i",1,"")) | AA9: =Table1[[#This Row],[KülföldiÁr]]*Table1[[#This Row],[Darab]] -> 0
A10: 727/2026 | B10: Pro Grip Kft. | C10: 46080 | D10: 2 | E10: 46080 | F10: 2 | G10: 4114/27618 | H10: Rakományrögzítők | I10: Alap | J10: 25/0,4 hn 2 m rakományrögzítő kék | K10: 7 | L10: 341.98 | M10: 2393.86 | N10: 0 | O10: Ft | P10: 0 | Q10: 1060 | R10: 1160 | S10: 8120 | T10: 12.59 | U10: 1022.308 | V10: Négyesy Gábor | W10: 5726.14 | X10: n | Z10: =IF(Y10<>"",Y10,IF(Table1[[#This Row],[Befolyt]]="i",1,"")) | AA10: =Table1[[#This Row],[KülföldiÁr]]*Table1[[#This Row],[Darab]] -> 0
A11: 727/2026 | B11: Pro Grip Kft. | C11: 46080 | D11: 2 | E11: 46080 | F11: 2 | G11: 4114/27616 | H11: Rakományrögzítők | I11: Alap | J11: 25/0,4 hn 2 m rakományrögzítő fekete hozott hevederből | K11: 10 | L11: 262.19 | M11: 2621.9 | N11: 0 | O11: Ft | P11: 0 | Q11: 870 | R11: 970 | S11: 9700 | T11: 13.09 | U11: 1269.73 | V11: Négyesy Gábor | W11: 7078.1 | X11: n | Z11: =IF(Y11<>"",Y11,IF(Table1[[#This Row],[Befolyt]]="i",1,"")) | AA11: =Table1[[#This Row],[KülföldiÁr]]*Table1[[#This Row],[Darab]] -> 0
A12: 727/2026 | B12: Pro Grip Kft. | C12: 46080 | D12: 2 | E12: 46080 | F12: 2 | G12: 4114/27622 | H12: Rakományrögzítők | I12: Alap | J12: 25/0,4 hn 1,0 m rakományrögzítő kék hozott hevederből | K12: 1 | L12: 262.19 | M12: 262.19 | N12: 0 | O12: Ft | P12: 0 | Q12: 870 | R12: 970 | S12: 970 | T12: 13.09 | U12: 126.973 | V12: Négyesy Gábor | W12: 707.81 | X12: n | Z12: =IF(Y12<>"",Y12,IF(Table1[[#This Row],[Befolyt]]="i",1,"")) | AA12: =Table1[[#This Row],[KülföldiÁr]]*Table1[[#This Row],[Darab]] -> 0
A13: 727/2026 | B13: Pro Grip Kft. | C13: 46080 | D13: 2 | E13: 46080 | F13: 2 | G13: 4114/27621 | H13: Rakományrögzítők | I13: Alap | J13: 25/0,4 hn 1,0 m rakományrögzítő kék | K13: 9 | L13: 303.99 | M13: 2735.91 | N13: 0 | O13: Ft | P13: 0 | Q13: 970 | R13: 1070 | S13: 9630 | T13: 12.8 | U13: 1232.64 | V13: Négyesy Gábor | W13: 6894.09 | X13: n | Z13: =IF(Y13<>"",Y13,IF(Table1[[#This Row],[Befolyt]]="i",1,"")) | AA13: =Table1[[#This Row],[KülföldiÁr]]*Table1[[#This Row],[Darab]] -> 0
... A111: 707/2026 | B111: Hankook Tire Magyarország Kft. | C111: 46080 | D111: 2 | E111: 46080 | F111: 2 | G111: 143/16946 | H111: Emelőgép szolgáltatások | I111: Egyéb | J111: GLS Fuvar | K111: 1 | L111: 2723 | M111: 2723 | N111: 0 | O111: EUR | P111: 375.74 | Q111: 2723 | R111: 0 | S111: 0 | T111: 0 | U111: 0 | V111: Molnár Ferenc | W111: -2723 | X111: n | Z111: =IF(Y111<>"",Y111,IF(Table1[[#This Row],[Befolyt]]="i",1,"")) | AA111: =Table1[[#This Row],[KülföldiÁr]]*Table1[[#This Row],[Darab]] -> 0
A112: 707/2026 | B112: Hankook Tire Magyarország Kft. | C112: 46080 | D112: 2 | E112: 46080 | F112: 2 | G112: 12531/27263 | H112: Emelőberendezések | I112: Beruházás | J112: 620103 Noise & dust filter VM60-270 4201567 | K112: 1 | L112: 5026.6 | M112: 5026.6 | N112: 25 | O112: EUR | P112: 375.74 | Q112: 9840 | R112: 9393.5 | S112: 9393.5 | T112: 3.75 | U112: =Table1[[#This Row],[Jut_%]]*Table1[[#This Row],[SzumElad]]/100 -> 352.25625 | V112: Molnár Ferenc | W112: 4366.9 | X112: n | Z112: =IF(Y112<>"",Y112,IF(Table1[[#This Row],[Befolyt]]="i",1,"")) | AA112: =Table1[[#This Row],[KülföldiÁr]]*Table1[[#This Row],[Darab]] -> 25
A113: 707/2026 | B113: Hankook Tire Magyarország Kft. | C113: 46080 | D113: 2 | E113: 46080 | F113: 2 | G113: 12531/27191 | H113: Emelőberendezések | I113: Beruházás | J113: 620010LS Swivel bend, low built 4202298 | K113: 2 | L113: 82705.78 | M113: 165411.56 | N113: 405 | O113: EUR | P113: 375.74 | Q113: 162000 | R113: 152174.7 | S113: 304349.4 | T113: 3.75 | U113: =Table1[[#This Row],[Jut_%]]*Table1[[#This Row],[SzumElad]]/100 -> 11413.103 | V113: Molnár Ferenc | W113: 138937.84 | X113: n | Z113: =IF(Y113<>"",Y113,IF(Table1[[#This Row],[Befolyt]]="i",1,"")) | AA113: =Table1[[#This Row],[KülföldiÁr]]*Table1[[#This Row],[Darab]] -> 810
A114: 707/2026 | B114: Hankook Tire Magyarország Kft. | C114: 46080 | D114: 2 | E114: 46080 | F114: 2 | G114: 12531/27192 | H114: Emelőberendezések | I114: Beruházás | J114: 610941 Rubber sleeve, lower 110x515mm 4201493 | K114: 4 | L114: 10163.14 | M114: 40652.56 | N114: 50 | O114: EUR | P114: 375.74 | Q114: 17900 | R114: 18787 | S114: 75148 | T114: 3.75 | U114: =Table1[[#This Row],[Jut_%]]*Table1[[#This Row],[SzumElad]]/100 -> 2818.05 | V114: Molnár Ferenc | W114: 34495.44 | X114: n | Z114: =IF(Y114<>"",Y114,IF(Table1[[#This Row],[Befolyt]]="i",1,"")) | AA114: =Table1[[#This Row],[KülföldiÁr]]*Table1[[#This Row],[Darab]] -> 200
A115: 707/2026 | B115: Hankook Tire Magyarország Kft. | C115: 46080 | D115: 2 | E115: 46080 | F115: 2 | G115: 12531/23534 | H115: Emelőberendezések | I115: Beruházás | J115: 610933 Légszürő filter betét 610931 szűrőhöz, filter insert 4201492 | K115: 4 | L115: 25565.14 | M115: 102260.56 | N115: 125 | O115: EUR | P115: 375.74 | Q115: 80750 | R115: 46967.5 | S115: 187870 | T115: 3.75 | U115: =Table1[[#This Row],[Jut_%]]*Table1[[#This Row],[SzumElad]]/100 -> 7045.125 | V115: Molnár Ferenc | W115: 85609.44 | X115: n | Z115: =IF(Y115<>"",Y115,IF(Table1[[#This Row],[Befolyt]]="i",1,"")) | AA115: =Table1[[#This Row],[KülföldiÁr]]*Table1[[#This Row],[Darab]] -> 500
A116: 707/2026 | B116: Hankook Tire Magyarország Kft. | C116: 46080 | D116: 2 | E116: 46080 | F116: 2 | G116: 12531/23390 | H116: Emelőberendezések | I116: Beruházás | J116: 610865 Gumi tömítés (gasket) OD: 235mm, ID 110mm gumibálamegfogóhoz 4201475 | K116: 1 | L116: 34708.38 | M116: 34708.38 | N116: 150 | O116: EUR | P116: 375.74 | Q116: 75900 | R116: 56361 | S116: 56361 | T116: 3.75 | U116: =Table1[[#This Row],[Jut_%]]*Table1[[#This Row],[SzumElad]]/100 -> 2113.5375 | V116: Molnár Ferenc | W116: 21652.62 | X116: n | Z116: =IF(Y116<>"",Y116,IF(Table1[[#This Row],[Befolyt]]="i",1,"")) | AA116: =Table1[[#This Row],[KülföldiÁr]]*Table1[[#This Row],[Darab]] -> 150
A117: 707/2026 | B117: Hankook Tire Magyarország Kft. | C117: 46080 | D117: 2 | E117: 46080 | F117: 2 | G117: 12531/27916 | H117: Emelőberendezések | I117: Beruházás | J117: 4309682 Szűrő, Filter Unit Cpl Black, 51-38mm 610931 | K117: 1 | L117: 99265.88 | M117: 99265.88 | N117: 495 | O117: EUR | P117: 375.74 | Q117: 198100 | R117: 185991.3 | S117: 185991.3 | T117: 3.75 | U117: =Table1[[#This Row],[Jut_%]]*Table1[[#This Row],[SzumElad]]/100 -> 6974.6737 | V117: Molnár Ferenc | W117: 86725.42 | X117: n | Z117: =IF(Y117<>"",Y117,IF(Table1[[#This Row],[Befolyt]]="i",1,"")) | AA117: =Table1[[#This Row],[KülföldiÁr]]*Table1[[#This Row],[Darab]] -> 495
A118: 706/2026 | B118: Gutman Lifting s.r.o. | C118: 46080 | D118: 2 | E118: 46083 | F118: 3 | G118: 259/2079 | H118: Megfogók | I118: Alap | J118: HCF15ahs automata daruvilla 1500 kg | K118: 1 | L118: 167645.73 | M118: 167645.73 | N118: 621.88 | O118: EUR | P118: 379.18 | Q118: 395150 | R118: 235804.45 | S118: 235804.45 | T118: 0 | U118: 0 | V118: Buzás Péter | W118: 68158.72 | X118: n | Z118: =IF(Y118<>"",Y118,IF(Table1[[#This Row],[Befolyt]]="i",1,"")) | AA118: =Table1[[#This Row],[KülföldiÁr]]*Table1[[#This Row],[Darab]] -> 621.88
A119: 706/2026 | B119: Gutman Lifting s.r.o. | C119: 46080 | D119: 2 | E119: 46083 | F119: 3 | G119: 2102/1022 | H119: Fuvar | I119: Egyéb | J119: Csomagolási díj | K119: 1 | L119: 1900 | M119: 1900 | N119: 6 | O119: EUR | P119: 379.18 | Q119: 3500 | R119: 2275.08 | S119: 2275.08 | T119: 0 | U119: 0 | V119: Buzás Péter | W119: 375.08 | X119: n | Z119: =IF(Y119<>"",Y119,IF(Table1[[#This Row],[Befolyt]]="i",1,"")) | AA119: =Table1[[#This Row],[KülföldiÁr]]*Table1[[#This Row],[Darab]] -> 6
A120: 706/2026 | B120: Gutman Lifting s.r.o. | C120: 46080 | D120: 2 | E120: 46083 | F120: 3 | G120: 2102/15560 | H120: Fuvar | I120: Egyéb | J120: *P. 7 Fuvar | K120: 1 | L120: 17659.78 | M120: 17659.78 | N120: 47 | O120: EUR | P120: 379.18 | Q120: 47 | R120: 17821.46 | S120: 17821.46 | T120: 0 | U120: 0 | V120: Buzás Péter | W120: 161.68 | X120: n | Z120: =IF(Y120<>"",Y120,IF(Table1[[#This Row],[Befolyt]]="i",1,"")) | AA120: =Table1[[#This Row],[KülföldiÁr]]*Table1[[#This Row],[Darab]] -> 47
A121: 705/2026 | B121: Kamionvilág Kft | C121: 46080 | D121: 2 | E121: 46080 | F121: 2 | G121: 4114/969 | H121: Rakományrögzítők | I121: Alap | J121: 50/2 hh 6 m rakományrögzítő 11076 | K121: 20 | L121: 1601.36 | M121: 32027.2 | N121: 0 | O121: Ft | P121: 0 | Q121: 5330 | R121: 3838 | S121: 76760 | T121: 1.99 | U121: 1527.524 | V121: Négyesy Gábor | W121: 44732.8 | X121: n | Z121: =IF(Y121<>"",Y121,IF(Table1[[#This Row],[Befolyt]]="i",1,"")) | AA121: =Table1[[#This Row],[KülföldiÁr]]*Table1[[#This Row],[Darab]] -> 0
A122: 705/2026 | B122: Kamionvilág Kft | C122: 46080 | D122: 2 | E122: 46080 | F122: 2 | G122: 4114/259 | H122: Rakományrögzítők | I122: Alap | J122: 50/2 hh 4,0 m rakományrögzítő 11075 | K122: 20 | L122: 1385.66 | M122: 27713.2 | N122: 0 | O122: Ft | P122: 0 | Q122: 4010 | R122: 3543 | S122: 70860 | T122: 6.67 | U122: 4726.362 | V122: Négyesy Gábor | W122: 43146.8 | X122: n | Z122: =IF(Y122<>"",Y122,IF(Table1[[#This Row],[Befolyt]]="i",1,"")) | AA122: =Table1[[#This Row],[KülföldiÁr]]*Table1[[#This Row],[Darab]] -> 0
A123: 705/2026 | B123: Kamionvilág Kft | C123: 46080 | D123: 2 | E123: 46080 | F123: 2 | G123: 4111/236 | H123: Rakományrögzítők | I123: Alap | J123: 35/1 hh 6,0 m rakományrögzítő 11074 | K123: 40 | L123: 776.81 | M123: 31072.4 | N123: 0 | O123: Ft | P123: 0 | Q123: 2000 | R123: 1515 | S123: 60600 | T123: 3.06 | U123: 1854.36 | V123: Négyesy Gábor | W123: 29527.6 | X123: n | Z123: =IF(Y123<>"",Y123,IF(Table1[[#This Row],[Befolyt]]="i",1,"")) | AA123: =Table1[[#This Row],[KülföldiÁr]]*Table1[[#This Row],[Darab]] -> 0
A124: 704/2026 | B124: Vasex Kft. | C124: 46080 | D124: 2 | E124: 46080 | F124: 2 | G124: 21111/4 | H124: Textilkötelek hevederek | I124: Alap | J124: irs 10 2,0/4 m körkötél | K124: 3 | L124: 588.56 | M124: 1765.68 | N124: 0 | O124: Ft | P124: 0 | Q124: 2700 | R124: 1800 | S124: 5400 | T124: 3 | U124: 162 | V124: Halász Miklós | W124: 3634.32 | X124: n | Z124: =IF(Y124<>"",Y124,IF(Table1[[#This Row],[Befolyt]]="i",1,"")) | AA124: =Table1[[#This Row],[KülföldiÁr]]*Table1[[#This Row],[Darab]] -> 0
A125: 704/2026 | B125: Vasex Kft. | C125: 46080 | D125: 2 | E125: 46080 | F125: 2 | G125: 2102/1022 | H125: Fuvar | I125: Egyéb | J125: Csomagolási díj | K125: 1 | L125: 1900 | M125: 1900 | N125: 0 | O125: Ft | P125: 0 | Q125: 3500 | R125: 0 | S125: 0 | T125: 0 | U125: 0 | V125: Halász Miklós | W125: -1900 | X125: n | Z125: =IF(Y125<>"",Y125,IF(Table1[[#This Row],[Befolyt]]="i",1,"")) | AA125: =Table1[[#This Row],[KülföldiÁr]]*Table1[[#This Row],[Darab]] -> 0
A126: 704/2026 | B126: Vasex Kft. | C126: 46080 | D126: 2 | E126: 46080 | F126: 2 | G126: 4111/257 | H126: Rakományrögzítők | I126: Alap | J126: 50/2 hh 12 m rakományrögzítő 11078 | K126: 3 | L126: 1738.05 | M126: 5214.15 | N126: 0 | O126: Ft | P126: 0 | Q126: 5100 | R126: 5750 | S126: 17250 | T126: 3 | U126: 517.5 | V126: Halász Miklós | W126: 12035.85 | X126: n | Z126: =IF(Y126<>"",Y126,IF(Table1[[#This Row],[Befolyt]]="i",1,"")) | AA126: =Table1[[#This Row],[KülföldiÁr]]*Table1[[#This Row],[Darab]] -> 0
A127: 704/2026 | B127: Vasex Kft. | C127: 46080 | D127: 2 | E127: 46080 | F127: 2 | G127: 4111/256 | H127: Rakományrögzítők | I127: Alap | J127: 50/2 hh 10 m rakományrögzítő 11077 | K127: 3 | L127: 2165.51 | M127: 6496.53 | N127: 0 | O127: Ft | P127: 0 | Q127: 4800 | R127: 5565 | S127: 16695 | T127: 3 | U127: 500.85 | V127: Halász Miklós | W127: 10198.47 | X127: n | Z127: =IF(Y127<>"",Y127,IF(Table1[[#This Row],[Befolyt]]="i",1,"")) | AA127: =Table1[[#This Row],[KülföldiÁr]]*Table1[[#This Row],[Darab]] -> 0
A128: 704/2026 | B128: Vasex Kft. | C128: 46080 | D128: 2 | E128: 46080 | F128: 2 | G128: 4111/236 | H128: Rakományrögzítők | I128: Alap | J128: 35/1 hh 6,0 m rakományrögzítő 11074 | K128: 10 | L128: 776.81 | M128: 7768.1 | N128: 0 | O128: Ft | P128: 0 | Q128: 2000 | R128: 1515 | S128: 15150 | T128: 2.5 | U128: 378.75 | V128: Halász Miklós | W128: 7381.9 | X128: n | Z128: =IF(Y128<>"",Y128,IF(Table1[[#This Row],[Befolyt]]="i",1,"")) | AA128: =Table1[[#This Row],[KülföldiÁr]]*Table1[[#This Row],[Darab]] -> 0
A129: 704/2026 | B129: Vasex Kft. | C129: 46080 | D129: 2 | E129: 46080 | F129: 2 | G129: 2416/15389 | H129: Kapcsolóelemek | I129: Alap | J129: 3,25 PSO sekli EN13889 | K129: 2 | L129: 709.76 | M129: 1419.52 | N129: 0 | O129: Ft | P129: 0 | Q129: 1950 | R129: 1380 | S129: 2760 | T129: 0.17 | U129: 4.692 | V129: Halász Miklós | W129: 1340.48 | X129: n | Z129: =IF(Y129<>"",Y129,IF(Table1[[#This Row],[Befolyt]]="i",1,"")) | AA129: =Table1[[#This Row],[KülföldiÁr]]*Table1[[#This Row],[Darab]] -> 0
... A176: 689/2026 | B176: Bau-Trans Kft. | C176: 46079 | D176: 2 | E176: 46065 | F176: 2 | G176: 2317/752 | H176: Lánc függesztékek | I176: Alap | J176: RLSP 13-8 biztosító csap | K176: 2 | L176: 184.7 | M176: 369.4 | N176: 0 | O176: Ft | P176: 0 | Q176: 1150 | R176: 1035 | S176: 2070 | T176: 2.5 | U176: 51.75 | V176: Négyesy Gábor | W176: 1700.6 | X176: n | Z176: =IF(Y176<>"",Y176,IF(Table1[[#This Row],[Befolyt]]="i",1,"")) | AA176: =Table1[[#This Row],[KülföldiÁr]]*Table1[[#This Row],[Darab]] -> 0
A177: 689/2026 | B177: Bau-Trans Kft. | C177: 46079 | D177: 2 | E177: 46065 | F177: 2 | G177: 2327/10191 | H177: Lánc függesztékek | I177: Alap | J177: PSG 10 RLS bizt.csap | K177: 3 | L177: 953.29 | M177: 2859.87 | N177: 0 | O177: Ft | P177: 0 | Q177: 1110 | R177: 1050 | S177: 3150 | T177: 3.65 | U177: =Table1[[#This Row],[Jut_%]]*Table1[[#This Row],[SzumElad]]/100 -> 114.975 | V177: Négyesy Gábor | W177: 290.13 | X177: n | Z177: =IF(Y177<>"",Y177,IF(Table1[[#This Row],[Befolyt]]="i",1,"")) | AA177: =Table1[[#This Row],[KülföldiÁr]]*Table1[[#This Row],[Darab]] -> 0
A178: 689/2026 | B178: Bau-Trans Kft. | C178: 46079 | D178: 2 | E178: 46065 | F178: 2 | G178: 2104/982 | H178: Saját munka | I178: Egyéb | J178: Javítási rezsi óradíj | K178: 1 | L178: 7195.04 | M178: 7195.04 | N178: 0 | O178: Ft | P178: 0 | Q178: 12000 | R178: 12000 | S178: 12000 | T178: 0 | U178: 0 | V178: Négyesy Gábor | W178: 4804.96 | X178: n | Z178: =IF(Y178<>"",Y178,IF(Table1[[#This Row],[Befolyt]]="i",1,"")) | AA178: =Table1[[#This Row],[KülföldiÁr]]*Table1[[#This Row],[Darab]] -> 0
A179: 689/2026 | B179: Bau-Trans Kft. | C179: 46079 | D179: 2 | E179: 46065 | F179: 2 | G179: 2317/25172 | H179: Lánc függesztékek | I179: Alap | J179: Alutábla RLS 10 | K179: 23 | L179: 164.3 | M179: 3778.9 | N179: 0 | O179: Ft | P179: 0 | Q179: 960 | R179: 864 | S179: 19872 | T179: 2.5 | U179: 496.8 | V179: Négyesy Gábor | W179: 16093.1 | X179: n | Z179: =IF(Y179<>"",Y179,IF(Table1[[#This Row],[Befolyt]]="i",1,"")) | AA179: =Table1[[#This Row],[KülföldiÁr]]*Table1[[#This Row],[Darab]] -> 0
A180: 689/2026 | B180: Bau-Trans Kft. | C180: 46079 | D180: 2 | E180: 46065 | F180: 2 | G180: 2317/631 | H180: Lánc függesztékek | I180: Alap | J180: 10 biztosító lemez /4mm csavarral/ | K180: 8 | L180: 185.02 | M180: 1480.16 | N180: 0 | O180: Ft | P180: 0 | Q180: 1018 | R180: 1233 | S180: 9864 | T180: 11.1 | U180: 1094.904 | V180: Négyesy Gábor | W180: 8383.84 | X180: n | Z180: =IF(Y180<>"",Y180,IF(Table1[[#This Row],[Befolyt]]="i",1,"")) | AA180: =Table1[[#This Row],[KülföldiÁr]]*Table1[[#This Row],[Darab]] -> 0
A181: 688/2026 | B181: TRGY Tokodaltárói Rácsgyártó K. Kft. | C181: 46079 | D181: 2 | E181: 46076 | F181: 2 | G181: 21214/115 | H181: Textilkötelek hevederek | I181: Alap | J181: id 400 5,0 m füles heveder A05228-A05229 | K181: 2 | L181: 3519.28 | M181: 7038.56 | N181: 0 | O181: Ft | P181: 0 | Q181: 13000 | R181: 18280 | S181: 36560 | T181: 18.67 | U181: 6825.752 | V181: Négyesy Gábor | W181: 29521.44 | X181: n | Z181: =IF(Y181<>"",Y181,IF(Table1[[#This Row],[Befolyt]]="i",1,"")) | AA181: =Table1[[#This Row],[KülföldiÁr]]*Table1[[#This Row],[Darab]] -> 0
A182: 688/2026 | B182: TRGY Tokodaltárói Rácsgyártó K. Kft. | C182: 46079 | D182: 2 | E182: 46076 | F182: 2 | G182: 2102/8427 | H182: Fuvar | I182: Egyéb | J182: *CS.10 Fuvar | K182: 1 | L182: 2600 | M182: 2600 | N182: 0 | O182: Ft | P182: 0 | Q182: 2600 | R182: 3000 | S182: 3000 | T182: 0 | U182: 0 | V182: Négyesy Gábor | W182: 400 | X182: n | Z182: =IF(Y182<>"",Y182,IF(Table1[[#This Row],[Befolyt]]="i",1,"")) | AA182: =Table1[[#This Row],[KülföldiÁr]]*Table1[[#This Row],[Darab]] -> 0
A183: 687/2026 | B183: FémAlk Zrt. | C183: 46079 | D183: 2 | E183: 46079 | F183: 2 | G183: 23164/20616 | H183: Lánc függesztékek | I183: Alap | J183: lrg 4 - 236 KRHG - lánc függeszték 1 m EP 26168 | K183: 1 | L183: 10698.63 | M183: 10698.63 | N183: 0 | O183: Ft | P183: 0 | Q183: 30500 | R183: 33000 | S183: 33000 | T183: 12.27 | U183: 4049.1 | V183: Négyesy Gábor | W183: 22301.37 | X183: n | Z183: =IF(Y183<>"",Y183,IF(Table1[[#This Row],[Befolyt]]="i",1,"")) | AA183: =Table1[[#This Row],[KülföldiÁr]]*Table1[[#This Row],[Darab]] -> 0
A184: 686/2026 | B184: Berek Zsalu Kft | C184: 46079 | D184: 2 | E184: 46078 | F184: 2 | G184: 2101/27379 | H184: Vizsgálat | I184: Alap | J184: T3 Teherpróba és vizsgálati díj melléklet szerint | K184: 1 | L184: 5100 | M184: 5100 | N184: 0 | O184: Ft | P184: 0 | Q184: 8500 | R184: 8500 | S184: 8500 | T184: 10 | U184: 850 | V184: Négyesy Gábor | W184: 3400 | X184: n | Z184: =IF(Y184<>"",Y184,IF(Table1[[#This Row],[Befolyt]]="i",1,"")) | AA184: =Table1[[#This Row],[KülföldiÁr]]*Table1[[#This Row],[Darab]] -> 0
A185: 686/2026 | B185: Berek Zsalu Kft | C185: 46079 | D185: 2 | E185: 46078 | F185: 2 | G185: 2317/4430 | H185: Lánc függesztékek | I185: Alap | J185: Érvényességi tábla | K185: 1 | L185: 239.51 | M185: 239.51 | N185: 0 | O185: Ft | P185: 0 | Q185: 1325 | R185: 1325 | S185: 1325 | T185: 5 | U185: 66.25 | V185: Négyesy Gábor | W185: 1085.49 | X185: n | Z185: =IF(Y185<>"",Y185,IF(Table1[[#This Row],[Befolyt]]="i",1,"")) | AA185: =Table1[[#This Row],[KülföldiÁr]]*Table1[[#This Row],[Darab]] -> 0
A186: 686/2026 | B186: Berek Zsalu Kft | C186: 46079 | D186: 2 | E186: 46078 | F186: 2 | G186: 2317/2842 | H186: Lánc függesztékek | I186: Alap | J186: 4mm lánctoldó | K186: 1 | L186: 34.18 | M186: 34.18 | N186: 0 | O186: Ft | P186: 0 | Q186: 190 | R186: 190 | S186: 190 | T186: 5 | U186: 9.5 | V186: Négyesy Gábor | W186: 155.82 | X186: n | Z186: =IF(Y186<>"",Y186,IF(Table1[[#This Row],[Befolyt]]="i",1,"")) | AA186: =Table1[[#This Row],[KülföldiÁr]]*Table1[[#This Row],[Darab]] -> 0
A187: 685/2026 | B187: Agro Felcsút Kft. | C187: 46079 | D187: 2 | E187: 46078 | F187: 2 | G187: 23152/667 | H187: Lánc függesztékek | I187: Alap | J187: KHG 6 szemes horog G80 | K187: 10 | L187: 354.4 | M187: 3544 | N187: 0 | O187: Ft | P187: 0 | Q187: 970 | R187: 873 | S187: 8730 | T187: 3.33 | U187: 290.709 | V187: Négyesy Gábor | W187: 5186 | X187: n | Z187: =IF(Y187<>"",Y187,IF(Table1[[#This Row],[Befolyt]]="i",1,"")) | AA187: =Table1[[#This Row],[KülföldiÁr]]*Table1[[#This Row],[Darab]] -> 0
A188: 684/2026 | B188: Jenbacher Gas Engines Hungary Kft. | C188: 46079 | D188: 2 | E188: 46077 | F188: 2 | G188: 2101/27404 | H188: Vizsgálat | I188: Alap | J188: T19 Teherpróba díj melléklet szerint | K188: 1 | L188: 4224 | M188: 4224 | N188: 0 | O188: Ft | P188: 0 | Q188: 7040 | R188: 7040 | S188: 7040 | T188: 10 | U188: 704 | V188: Négyesy Gábor | W188: 2816 | X188: n | Z188: =IF(Y188<>"",Y188,IF(Table1[[#This Row],[Befolyt]]="i",1,"")) | AA188: =Table1[[#This Row],[KülföldiÁr]]*Table1[[#This Row],[Darab]] -> 0
A189: 684/2026 | B189: Jenbacher Gas Engines Hungary Kft. | C189: 46079 | D189: 2 | E189: 46077 | F189: 2 | G189: 131121/28032 | H189: Emelőszerkezetek | I189: #N/A | J189: Alsó Horog, Teljes POS: 22 Yalehandy 0,5t | K189: 1 | L189: 9082.32 | M189: 9082.32 | N189: 0 | O189: Ft | P189: 0 | Q189: 23040 | R189: 25620 | S189: 25620 | T189: 10.32 | U189: 2643.984 | V189: Négyesy Gábor | W189: 16537.68 | X189: n | Z189: =IF(Y189<>"",Y189,IF(Table1[[#This Row],[Befolyt]]="i",1,"")) | AA189: =Table1[[#This Row],[KülföldiÁr]]*Table1[[#This Row],[Darab]] -> 0
A190: 684/2026 | B190: Jenbacher Gas Engines Hungary Kft. | C190: 46079 | D190: 2 | E190: 46077 | F190: 2 | G190: 131121/28031 | H190: Emelőszerkezetek | I190: #N/A | J190: Alsó Horog POS: 24 PT_A 1,60t | K190: 1 | L190: 23614.03 | M190: 23614.03 | N190: 0 | O190: Ft | P190: 0 | Q190: 59905 | R190: 62490 | S190: 62490 | T190: 8.37 | U190: 5230.413 | V190: Négyesy Gábor | W190: 38875.97 | X190: n | Z190: =IF(Y190<>"",Y190,IF(Table1[[#This Row],[Befolyt]]="i",1,"")) | AA190: =Table1[[#This Row],[KülföldiÁr]]*Table1[[#This Row],[Darab]] -> 0
A191: 683/2026 | B191: Bau-Trans Kft. | C191: 46079 | D191: 2 | E191: 46070 | F191: 2 | G191: 2416/15470 | H191: Kapcsolóelemek | I191: Alap | J191: 8,5 PSO sekli EN13889 | K191: 4 | L191: 3815.74 | M191: 15262.96 | N191: 0 | O191: Ft | P191: 0 | Q191: 10700 | R191: 8560 | S191: 34240 | T191: 2.32 | U191: 794.368 | V191: Négyesy Gábor | W191: 18977.04 | X191: n | Z191: =IF(Y191<>"",Y191,IF(Table1[[#This Row],[Befolyt]]="i",1,"")) | AA191: =Table1[[#This Row],[KülföldiÁr]]*Table1[[#This Row],[Darab]] -> 0
A192: 682/2026 | B192: Bau-Trans Kft. | C192: 46079 | D192: 2 | E192: 46059 | F192: 2 | G192: 2416/15469 | H192: Kapcsolóelemek | I192: Alap | J192: 4,75 PSO sekli EN13889 | K192: 4 | L192: 1179.03 | M192: 4716.12 | N192: 0 | O192: Ft | P192: 0 | Q192: 3280 | R192: 2624 | S192: 10496 | T192: 2.32 | U192: 243.5072 | V192: Négyesy Gábor | W192: 5779.88 | X192: n | Z192: =IF(Y192<>"",Y192,IF(Table1[[#This Row],[Befolyt]]="i",1,"")) | AA192: =Table1[[#This Row],[KülföldiÁr]]*Table1[[#This Row],[Darab]] -> 0
A193: 681/2026 | B193: Bau-Trans Kft. | C193: 46079 | D193: 2 | E193: 46070 | F193: 2 | G193: 4132/3805 | H193: Rakományrögzítők | I193: Alap | J193: RLSHKE 10 láncos feszítő horoggal EN 9200lbs +adattábla | K193: 4 | L193: 7127.21 | M193: 28508.84 | N193: 0 | O193: Ft | P193: 0 | Q193: 20960 | R193: 15675 | S193: 62700 | T193: 1.22 | U193: 764.94 | V193: Négyesy Gábor | W193: 34191.16 | X193: n | Z193: =IF(Y193<>"",Y193,IF(Table1[[#This Row],[Befolyt]]="i",1,"")) | AA193: =Table1[[#This Row],[KülföldiÁr]]*Table1[[#This Row],[Darab]] -> 0
A194: 680/2026 | B194: Bau-Trans Kft. | C194: 46079 | D194: 2 | E194: 46070 | F194: 2 | G194: 4132/3805 | H194: Rakományrögzítők | I194: Alap | J194: RLSHKE 10 láncos feszítő horoggal EN 9200lbs +adattábla | K194: -4 | L194: -7127.21 | M194: 28508.84 | N194: 0 | O194: Ft | P194: 0 | Q194: 20960 | R194: -15675 | S194: -62700 | T194: 1.22 | U194: -764.94 | V194: Négyesy Gábor | W194: -34191.16 | X194: n | Z194: =IF(Y194<>"",Y194,IF(Table1[[#This Row],[Befolyt]]="i",1,"")) | AA194: =Table1[[#This Row],[KülföldiÁr]]*Table1[[#This Row],[Darab]] -> 0
A195: 679/2026 | B195: Bau-Trans Kft. | C195: 46079 | D195: 2 | E195: 46070 | F195: 2 | G195: 4132/3805 | H195: Rakományrögzítők | I195: Alap | J195: RLSHKE 10 láncos feszítő horoggal EN 9200lbs +adattábla | K195: 4 | L195: 7127.21 | M195: 28508.84 | N195: 0 | O195: Ft | P195: 0 | Q195: 20960 | R195: 15675 | S195: 62700 | T195: 1.22 | U195: 764.94 | V195: Négyesy Gábor | W195: 34191.16 | X195: n | Z195: =IF(Y195<>"",Y195,IF(Table1[[#This Row],[Befolyt]]="i",1,"")) | AA195: =Table1[[#This Row],[KülföldiÁr]]*Table1[[#This Row],[Darab]] -> 0
A196: 678/2026 | B196: Bau-Trans Kft. | C196: 46079 | D196: 2 | E196: 46058 | F196: 2 | G196: 1321/454 | H196: Emelőszerkezetek | I196: Alap | J196: GBE 3000 1,5 m karos láncos emelő | K196: 1 | L196: 22897.11 | M196: 22897.11 | N196: 0 | O196: Ft | P196: 0 | Q196: 116270 | R196: 98830 | S196: 98830 | T196: 4 | U196: 3953.2 | V196: Négyesy Gábor | W196: 75932.89 | X196: n | Z196: =IF(Y196<>"",Y196,IF(Table1[[#This Row],[Befolyt]]="i",1,"")) | AA196: =Table1[[#This Row],[KülföldiÁr]]*Table1[[#This Row],[Darab]] -> 0
A197: 677/2026 | B197: ASG Vízgép Kft. | C197: 46079 | D197: 2 | E197: 46077 | F197: 2 | G197: 2612/15276 | H197: Emelőmágnesek | I197: Alap | J197: KME 600 C emelőmágnes 600 kg Ök | K197: 1 | L197: 56102.05 | M197: 56102.05 | N197: 0 | O197: Ft | P197: 0 | Q197: 220000 | R197: 240000 | S197: 240000 | T197: 9.75 | U197: 23400 | V197: Négyesy Gábor | W197: 183897.95 | X197: n | Z197: =IF(Y197<>"",Y197,IF(Table1[[#This Row],[Befolyt]]="i",1,"")) | AA197: =Table1[[#This Row],[KülföldiÁr]]*Table1[[#This Row],[Darab]] -> 0
A198: 676/2026 | B198: ASG Vízgép Kft. | C198: 46079 | D198: 2 | E198: 46077 | F198: 2 | G198: 23162/27831 | H198: Lánc függesztékek | I198: Alap | J198: lrg 2 - 750 KRHG-lánc függeszték 3,1 m 26086 | K198: 1 | L198: 30252.6 | M198: 30252.6 | N198: 0 | O198: Ft | P198: 0 | Q198: 97240 | R198: 99240 | S198: 99240 | T198: 10.6 | U198: 10519.44 | V198: Négyesy Gábor | W198: 68987.4 | X198: n | Z198: =IF(Y198<>"",Y198,IF(Table1[[#This Row],[Befolyt]]="i",1,"")) | AA198: =Table1[[#This Row],[KülföldiÁr]]*Table1[[#This Row],[Darab]] -> 0
A199: 675/2026 | B199: ASG Vízgép Kft. | C199: 46079 | D199: 2 | E199: 46056 | F199: 2 | G199: 23154/687 | H199: Lánc függesztékek | I199: Alap | J199: APA 2t hegeszthető emelőszem G80 m.sz.: 15853 | K199: 4 | L199: 587.97 | M199: 2351.88 | N199: 0 | O199: Ft | P199: 0 | Q199: 1885 | R199: 2270 | S199: 9080 | T199: 10.94 | U199: 993.352 | V199: Négyesy Gábor | W199: 6728.12 | X199: n | Z199: =IF(Y199<>"",Y199,IF(Table1[[#This Row],[Befolyt]]="i",1,"")) | AA199: =Table1[[#This Row],[KülföldiÁr]]*Table1[[#This Row],[Darab]] -> 0
A200: 674/2026 | B200: ASG Vízgép Kft. | C200: 46079 | D200: 2 | E200: 46056 | F200: 2 | G200: 21116/53 | H200: Textilkötelek hevederek | I200: Alap | J200: irs 60 1,0/2 m körkötél Ök | K200: 1 | L200: 1136.12 | M200: 1136.12 | N200: 0 | O200: Ft | P200: 0 | Q200: 6000 | R200: 6950 | S200: 6950 | T200: 14.1 | U200: 979.95 | V200: Négyesy Gábor | W200: 5813.88 | X200: n | Z200: =IF(Y200<>"",Y200,IF(Table1[[#This Row],[Befolyt]]="i",1,"")) | AA200: =Table1[[#This Row],[KülföldiÁr]]*Table1[[#This Row],[Darab]] -> 0
A201: 674/2026 | B201: ASG Vízgép Kft. | C201: 46079 | D201: 2 | E201: 46056 | F201: 2 | G201: 21115/49 | H201: Textilkötelek hevederek | I201: Alap | J201: irs 50 4,0/8 m körkötél Ök | K201: 1 | L201: 3317.49 | M201: 3317.49 | N201: 0 | O201: Ft | P201: 0 | Q201: 13700 | R201: 17700 | S201: 17700 | T201: 16.78 | U201: 2970.06 | V201: Négyesy Gábor | W201: 14382.51 | X201: n | Z201: =IF(Y201<>"",Y201,IF(Table1[[#This Row],[Befolyt]]="i",1,"")) | AA201: =Table1[[#This Row],[KülföldiÁr]]*Table1[[#This Row],[Darab]] -> 0
A202: 674/2026 | B202: ASG Vízgép Kft. | C202: 46079 | D202: 2 | E202: 46056 | F202: 2 | G202: 21115/48 | H202: Textilkötelek hevederek | I202: Alap | J202: irs 50 3,0/6 m körkötél Ök | K202: 1 | L202: 2515.46 | M202: 2515.46 | N202: 0 | O202: Ft | P202: 0 | Q202: 10700 | R202: 14700 | S202: 14700 | T202: 18.16 | U202: 2669.52 | V202: Négyesy Gábor | W202: 12184.54 | X202: n | Z202: =IF(Y202<>"",Y202,IF(Table1[[#This Row],[Befolyt]]="i",1,"")) | AA202: =Table1[[#This Row],[KülföldiÁr]]*Table1[[#This Row],[Darab]] -> 0
... A216: 673/2026 | B216: GYGV Kanizsa Kft. | C216: 46079 | D216: 2 | E216: 46078 | F216: 2 | G216: 1245/27983 | H216: Emelőberendezések | I216: Beruházás | J216: ER2M 050 IS-IS 5t elektromos láncos emelő 4,0m em. W30( 205-305mm) elkt. futómű | K216: 1 | L216: 2419004 | M216: 2419004 | N216: 9259.62 | O216: EUR | P216: 376.58 | Q216: 3818400 | R216: 3486987.8 | S216: 3486987.8 | T216: 3.4 | U216: 118557.58 | V216: Simon Jenő | W216: 1067983.8 | X216: n | Z216: =IF(Y216<>"",Y216,IF(Table1[[#This Row],[Befolyt]]="i",1,"")) | AA216: =Table1[[#This Row],[KülföldiÁr]]*Table1[[#This Row],[Darab]] -> 9259.62
A217: 673/2026 | B217: GYGV Kanizsa Kft. | C217: 46079 | D217: 2 | E217: 46078 | F217: 2 | H217: Előleg | I217: Előleg | J217: Előleg befizetése, számlaszám:4147/2025 | K217: 1 | L217: 0 | M217: 0 | N217: -23759.18 | O217: EUR | P217: 376.58 | Q217: 0 | R217: -8947232 | S217: -8947232 | T217: 0 | U217: 0 | V217: Simon Jenő | W217: -8947232 | X217: n | Z217: =IF(Y217<>"",Y217,IF(Table1[[#This Row],[Befolyt]]="i",1,"")) | AA217: =Table1[[#This Row],[KülföldiÁr]]*Table1[[#This Row],[Darab]] -> -23759.18
A218: 673/2026 | B218: GYGV Kanizsa Kft. | C218: 46079 | D218: 2 | E218: 46078 | F218: 2 | G218: 1112/28089 | H218: Daruk futómacskák | I218: Beruházás | J218: DP-13 5,0t x 10,8m híddaru és L=19m darupálya gyárása, telepítése | K218: 1 | L218: 9853000 | M218: 9853000 | N218: 34851.13 | O218: EUR | P218: 376.58 | Q218: 13653020 | R218: 13124238 | S218: 13124238 | T218: 3.4 | U218: 446224.09 | V218: Simon Jenő | W218: 3271238 | X218: n | Z218: =IF(Y218<>"",Y218,IF(Table1[[#This Row],[Befolyt]]="i",1,"")) | AA218: =Table1[[#This Row],[KülföldiÁr]]*Table1[[#This Row],[Darab]] -> 34851.13
A219: 672/2026 | B219: ASG Vízgép Kft. | C219: 46079 | D219: 2 | E219: 46077 | F219: 2 | G219: 23153/20519 | H219: Lánc függesztékek | I219: Alap | J219: SH 1,0t S-horog | K219: 4 | L219: 12802 | M219: 51208 | N219: 0 | O219: Ft | P219: 0 | Q219: 32550 | R219: 29295 | S219: 117180 | T219: 2.5 | U219: 2929.5 | V219: Négyesy Gábor | W219: 65972 | X219: n | Z219: =IF(Y219<>"",Y219,IF(Table1[[#This Row],[Befolyt]]="i",1,"")) | AA219: =Table1[[#This Row],[KülföldiÁr]]*Table1[[#This Row],[Darab]] -> 0
A220: 672/2026 | B220: ASG Vízgép Kft. | C220: 46079 | D220: 2 | E220: 46077 | F220: 2 | G220: 281/10437 | H220: Emelőszemek | I220: Alap | J220: M 20 gyűrűscsavar 1200 kg C15E B | K220: 4 | L220: 555.79 | M220: 2223.16 | N220: 0 | O220: Ft | P220: 0 | Q220: 1010 | R220: 1560 | S220: 6240 | T220: 17.34 | U220: 1082.016 | V220: Négyesy Gábor | W220: 4016.84 | X220: n | Z220: =IF(Y220<>"",Y220,IF(Table1[[#This Row],[Befolyt]]="i",1,"")) | AA220: =Table1[[#This Row],[KülföldiÁr]]*Table1[[#This Row],[Darab]] -> 0
A221: 672/2026 | B221: ASG Vízgép Kft. | C221: 46079 | D221: 2 | E221: 46077 | F221: 2 | G221: 281/10436 | H221: Emelőszemek | I221: Alap | J221: M 16 gyűrűscsavar 700 kg C15E B | K221: 4 | L221: 467.59 | M221: 1870.36 | N221: 0 | O221: Ft | P221: 0 | Q221: 875 | R221: 1075 | S221: 4300 | T221: 11.51 | U221: 494.93 | V221: Négyesy Gábor | W221: 2429.64 | X221: n | Z221: =IF(Y221<>"",Y221,IF(Table1[[#This Row],[Befolyt]]="i",1,"")) | AA221: =Table1[[#This Row],[KülföldiÁr]]*Table1[[#This Row],[Darab]] -> 0
A222: 672/2026 | B222: ASG Vízgép Kft. | C222: 46079 | D222: 2 | E222: 46077 | F222: 2 | G222: 281/10642 | H222: Emelőszemek | I222: Alap | J222: M 12 gyűrűscsavar 340 kg C15E B | K222: 4 | L222: 264.68 | M222: 1058.72 | N222: 0 | O222: Ft | P222: 0 | Q222: 480 | R222: 580 | S222: 2320 | T222: 11.03 | U222: 255.896 | V222: Négyesy Gábor | W222: 1261.28 | X222: n | Z222: =IF(Y222<>"",Y222,IF(Table1[[#This Row],[Befolyt]]="i",1,"")) | AA222: =Table1[[#This Row],[KülföldiÁr]]*Table1[[#This Row],[Darab]] -> 0
A223: 672/2026 | B223: ASG Vízgép Kft. | C223: 46079 | D223: 2 | E223: 46077 | F223: 2 | G223: 2612/15277 | H223: Emelőmágnesek | I223: Alap | J223: KME 1000 C emelőmágnes 1000 kg Ök | K223: 1 | L223: 75340.48 | M223: 75340.48 | N223: 0 | O223: Ft | P223: 0 | Q223: 310000 | R223: 335000 | S223: 335000 | T223: 9.46 | U223: 31691 | V223: Négyesy Gábor | W223: 259659.52 | X223: n | Z223: =IF(Y223<>"",Y223,IF(Table1[[#This Row],[Befolyt]]="i",1,"")) | AA223: =Table1[[#This Row],[KülföldiÁr]]*Table1[[#This Row],[Darab]] -> 0
A224: 672/2026 | B224: ASG Vízgép Kft. | C224: 46079 | D224: 2 | E224: 46077 | F224: 2 | G224: 21117/69 | H224: Textilkötelek hevederek | I224: Alap | J224: irs 80 5,0/10 m körkötél Ök | K224: 1 | L224: 7501.83 | M224: 7501.83 | N224: 0 | O224: Ft | P224: 0 | Q224: 29500 | R224: 39500 | S224: 39500 | T224: 17.59 | U224: 6948.05 | V224: Négyesy Gábor | W224: 31998.17 | X224: n | Z224: =IF(Y224<>"",Y224,IF(Table1[[#This Row],[Befolyt]]="i",1,"")) | AA224: =Table1[[#This Row],[KülföldiÁr]]*Table1[[#This Row],[Darab]] -> 0
A225: 672/2026 | B225: ASG Vízgép Kft. | C225: 46079 | D225: 2 | E225: 46077 | F225: 2 | G225: 21115/50 | H225: Textilkötelek hevederek | I225: Alap | J225: irs 50 5,0/10 m körkötél Ök | K225: 2 | L225: 4077.5 | M225: 8155 | N225: 0 | O225: Ft | P225: 0 | Q225: 16700 | R225: 21700 | S225: 43400 | T225: 16.91 | U225: 7338.94 | V225: Négyesy Gábor | W225: 35245 | X225: n | Z225: =IF(Y225<>"",Y225,IF(Table1[[#This Row],[Befolyt]]="i",1,"")) | AA225: =Table1[[#This Row],[KülföldiÁr]]*Table1[[#This Row],[Darab]] -> 0
A226: 672/2026 | B226: ASG Vízgép Kft. | C226: 46079 | D226: 2 | E226: 46077 | F226: 2 | G226: 21115/49 | H226: Textilkötelek hevederek | I226: Alap | J226: irs 50 4,0/8 m körkötél Ök | K226: 1 | L226: 3317.49 | M226: 3317.49 | N226: 0 | O226: Ft | P226: 0 | Q226: 13700 | R226: 17700 | S226: 17700 | T226: 16.78 | U226: 2970.06 | V226: Négyesy Gábor | W226: 14382.51 | X226: n | Z226: =IF(Y226<>"",Y226,IF(Table1[[#This Row],[Befolyt]]="i",1,"")) | AA226: =Table1[[#This Row],[KülföldiÁr]]*Table1[[#This Row],[Darab]] -> 0
A227: 672/2026 | B227: ASG Vízgép Kft. | C227: 46079 | D227: 2 | E227: 46077 | F227: 2 | G227: 21115/48 | H227: Textilkötelek hevederek | I227: Alap | J227: irs 50 3,0/6 m körkötél Ök | K227: 1 | L227: 2515.46 | M227: 2515.46 | N227: 0 | O227: Ft | P227: 0 | Q227: 10700 | R227: 14700 | S227: 14700 | T227: 18.16 | U227: 2669.52 | V227: Négyesy Gábor | W227: 12184.54 | X227: n | Z227: =IF(Y227<>"",Y227,IF(Table1[[#This Row],[Befolyt]]="i",1,"")) | AA227: =Table1[[#This Row],[KülföldiÁr]]*Table1[[#This Row],[Darab]] -> 0
A228: 672/2026 | B228: ASG Vízgép Kft. | C228: 46079 | D228: 2 | E228: 46077 | F228: 2 | G228: 21114/34 | H228: Textilkötelek hevederek | I228: Alap | J228: irs 40 1,0/2 m körkötél Ök | K228: 1 | L228: 787.24 | M228: 787.24 | N228: 0 | O228: Ft | P228: 0 | Q228: 4000 | R228: 4750 | S228: 4750 | T228: 14.74 | U228: 700.15 | V228: Négyesy Gábor | W228: 3962.76 | X228: n | Z228: =IF(Y228<>"",Y228,IF(Table1[[#This Row],[Befolyt]]="i",1,"")) | AA228: =Table1[[#This Row],[KülföldiÁr]]*Table1[[#This Row],[Darab]] -> 0
A229: 672/2026 | B229: ASG Vízgép Kft. | C229: 46079 | D229: 2 | E229: 46077 | F229: 2 | G229: 21113/28 | H229: Textilkötelek hevederek | I229: Alap | J229: irs 30 3,0/6 m körkötél Ök | K229: 2 | L229: 1531.14 | M229: 3062.28 | N229: 0 | O229: Ft | P229: 0 | Q229: 7500 | R229: 8500 | S229: 17000 | T229: 13.53 | U229: 2300.1 | V229: Négyesy Gábor | W229: 13937.72 | X229: n | Z229: =IF(Y229<>"",Y229,IF(Table1[[#This Row],[Befolyt]]="i",1,"")) | AA229: =Table1[[#This Row],[KülföldiÁr]]*Table1[[#This Row],[Darab]] -> 0
... A397: 641/2026 | B397: Ganz Motor Kft | C397: 46078 | D397: 2 | E397: 46078 | F397: 2 | G397: 282/8919 | H397: Emelőszemek | I397: Alap | J397: PLDW M10 emelőszem 500 kg | K397: 4 | L397: 14000.59 | M397: 56002.36 | N397: 0 | O397: Ft | P397: 0 | Q397: 29610 | R397: 29610 | S397: 118440 | T397: 5 | U397: 5922 | V397: Nagy Gergely | W397: 62437.64 | X397: n | Z397: =IF(Y397<>"",Y397,IF(Table1[[#This Row],[Befolyt]]="i",1,"")) | AA397: =Table1[[#This Row],[KülföldiÁr]]*Table1[[#This Row],[Darab]] -> 0
A398: 641/2026 | B398: Ganz Motor Kft | C398: 46078 | D398: 2 | E398: 46078 | F398: 2 | G398: 281/27975 | H398: Emelőszemek | I398: Alap | J398: M 14 gyűrűsanya 500kg DIN582 K | K398: 4 | L398: 187 | M398: 748 | N398: 0 | O398: Ft | P398: 0 | Q398: 340 | R398: 750 | S398: 3000 | T398: 5 | U398: =Table1[[#This Row],[Jut_%]]*Table1[[#This Row],[SzumElad]]/100 -> 150 | V398: Nagy Gergely | W398: 2252 | X398: n | Z398: =IF(Y398<>"",Y398,IF(Table1[[#This Row],[Befolyt]]="i",1,"")) | AA398: =Table1[[#This Row],[KülföldiÁr]]*Table1[[#This Row],[Darab]] -> 0
A399: 641/2026 | B399: Ganz Motor Kft | C399: 46078 | D399: 2 | E399: 46078 | F399: 2 | G399: 281/11180 | H399: Emelőszemek | I399: Alap | J399: M 12 gyűrűsanya 340 kg C15E B | K399: 4 | L399: 252.38 | M399: 1009.52 | N399: 0 | O399: Ft | P399: 0 | Q399: 495 | R399: 495 | S399: 1980 | T399: 5 | U399: 99 | V399: Nagy Gergely | W399: 970.48 | X399: n | Z399: =IF(Y399<>"",Y399,IF(Table1[[#This Row],[Befolyt]]="i",1,"")) | AA399: =Table1[[#This Row],[KülföldiÁr]]*Table1[[#This Row],[Darab]] -> 0
A400: 641/2026 | B400: Ganz Motor Kft | C400: 46078 | D400: 2 | E400: 46078 | F400: 2 | G400: 281/10435 | H400: Emelőszemek | I400: Alap | J400: M 10 gyűrűscsavar 230 kg C15E B | K400: 4 | L400: 150.71 | M400: 602.84 | N400: 0 | O400: Ft | P400: 0 | Q400: 250 | R400: 250 | S400: 1000 | T400: 5 | U400: 50 | V400: Nagy Gergely | W400: 397.16 | X400: n | Z400: =IF(Y400<>"",Y400,IF(Table1[[#This Row],[Befolyt]]="i",1,"")) | AA400: =Table1[[#This Row],[KülföldiÁr]]*Table1[[#This Row],[Darab]] -> 0
A401: 641/2026 | B401: Ganz Motor Kft | C401: 46078 | D401: 2 | E401: 46078 | F401: 2 | G401: 21114/39 | H401: Textilkötelek hevederek | I401: Alap | J401: irs 40 4,0/8 m körkötél Ök | K401: 2 | L401: 2718.68 | M401: 5437.36 | N401: 0 | O401: Ft | P401: 0 | Q401: 11200 | R401: 11200 | S401: 22400 | T401: 10 | U401: 2240 | V401: Nagy Gergely | W401: 16962.64 | X401: n | Z401: =IF(Y401<>"",Y401,IF(Table1[[#This Row],[Befolyt]]="i",1,"")) | AA401: =Table1[[#This Row],[KülföldiÁr]]*Table1[[#This Row],[Darab]] -> 0
A402: 641/2026 | B402: Ganz Motor Kft | C402: 46078 | D402: 2 | E402: 46078 | F402: 2 | G402: 21113/28 | H402: Textilkötelek hevederek | I402: Alap | J402: irs 30 3,0/6 m körkötél Ök | K402: 4 | L402: 1531.14 | M402: 6124.56 | N402: 0 | O402: Ft | P402: 0 | Q402: 7500 | R402: 7500 | S402: 30000 | T402: 10 | U402: 3000 | V402: Nagy Gergely | W402: 23875.44 | X402: n | Z402: =IF(Y402<>"",Y402,IF(Table1[[#This Row],[Befolyt]]="i",1,"")) | AA402: =Table1[[#This Row],[KülföldiÁr]]*Table1[[#This Row],[Darab]] -> 0
A403: 641/2026 | B403: Ganz Motor Kft | C403: 46078 | D403: 2 | E403: 46078 | F403: 2 | G403: 21112/15 | H403: Textilkötelek hevederek | I403: Alap | J403: irs 20 2,0/4 m körkötél Ök | K403: 4 | L403: 847.79 | M403: 3391.16 | N403: 0 | O403: Ft | P403: 0 | Q403: 4200 | R403: 4200 | S403: 16800 | T403: 10 | U403: 1680 | V403: Nagy Gergely | W403: 13408.84 | X403: n | Z403: =IF(Y403<>"",Y403,IF(Table1[[#This Row],[Befolyt]]="i",1,"")) | AA403: =Table1[[#This Row],[KülföldiÁr]]*Table1[[#This Row],[Darab]] -> 0
A404: 641/2026 | B404: Ganz Motor Kft | C404: 46078 | D404: 2 | E404: 46078 | F404: 2 | G404: 21111/2 | H404: Textilkötelek hevederek | I404: Alap | J404: irs 10 1,0/2 m körkötél Ök | K404: 4 | L404: 290.15 | M404: 1160.6 | N404: 0 | O404: Ft | P404: 0 | Q404: 1700 | R404: 1700 | S404: 6800 | T404: 10 | U404: 680 | V404: Nagy Gergely | W404: 5639.4 | X404: n | Z404: =IF(Y404<>"",Y404,IF(Table1[[#This Row],[Befolyt]]="i",1,"")) | AA404: =Table1[[#This Row],[KülföldiÁr]]*Table1[[#This Row],[Darab]] -> 0
A405: 641/2026 | B405: Ganz Motor Kft | C405: 46078 | D405: 2 | E405: 46078 | F405: 2 | G405: 22118/8579 | H405: Acélsodrony függesztékek | I405: Alap | J405: A 24 3,0 m drótkötél 61-63 | K405: 3 | L405: 23264 | M405: 69792 | N405: 0 | O405: Ft | P405: 0 | Q405: 38780 | R405: 38780 | S405: 116340 | T405: 5 | U405: 5817 | V405: Nagy Gergely | W405: 46548 | X405: n | Z405: =IF(Y405<>"",Y405,IF(Table1[[#This Row],[Befolyt]]="i",1,"")) | AA405: =Table1[[#This Row],[KülföldiÁr]]*Table1[[#This Row],[Darab]] -> 0
A406: 641/2026 | B406: Ganz Motor Kft | C406: 46078 | D406: 2 | E406: 46078 | F406: 2 | G406: 2416/15469 | H406: Kapcsolóelemek | I406: Alap | J406: 4,75 PSO sekli EN13889 | K406: 4 | L406: 1179.03 | M406: 4716.12 | N406: 0 | O406: Ft | P406: 0 | Q406: 3280 | R406: 3280 | S406: 13120 | T406: 7 | U406: 918.4 | V406: Nagy Gergely | W406: 8403.88 | X406: n | Z406: =IF(Y406<>"",Y406,IF(Table1[[#This Row],[Befolyt]]="i",1,"")) | AA406: =Table1[[#This Row],[KülföldiÁr]]*Table1[[#This Row],[Darab]] -> 0
A407: 640/2026 | B407: Environterv Kft. | C407: 46078 | D407: 2 | E407: 46078 | F407: 2 | G407: 2101/18535 | H407: Vizsgálat | I407: Alap | J407: Vizsgálati díj melléklet szerint | K407: 1 | L407: 1800 | M407: 1800 | N407: 0 | O407: Ft | P407: 0 | Q407: 26285 | R407: 27685 | S407: 27685 | T407: 10 | U407: 2768.5 | V407: Halász Miklós | W407: 25885 | X407: i | Z407: =IF(Y407<>"",Y407,IF(Table1[[#This Row],[Befolyt]]="i",1,"")) -> 1 | AA407: =Table1[[#This Row],[KülföldiÁr]]*Table1[[#This Row],[Darab]] -> 0
A408: 639/2026 | B408: G-P. Service Mobil Kft. | C408: 46078 | D408: 2 | E408: 46078 | F408: 2 | G408: 143/18059 | H408: Emelőgép szolgáltatások | I408: Egyéb | J408: D. 11 fuvar | K408: 1 | L408: 2359 | M408: 2359 | N408: 0 | O408: Ft | P408: 0 | Q408: 2359 | R408: 2400 | S408: 2400 | T408: 0 | U408: 0 | V408: H-ITB Kft. | W408: 41 | X408: n | Z408: =IF(Y408<>"",Y408,IF(Table1[[#This Row],[Befolyt]]="i",1,"")) | AA408: =Table1[[#This Row],[KülföldiÁr]]*Table1[[#This Row],[Darab]] -> 0
A409: 639/2026 | B409: G-P. Service Mobil Kft. | C409: 46078 | D409: 2 | E409: 46078 | F409: 2 | G409: 1246/13330 | H409: Emelőberendezések | I409: Beruházás | J409: 103-0202810 Podem/Balkancar kötélsoroló T 0251 04M 3200kg 6-24m | K409: 1 | L409: 24816.12 | M409: 24816.12 | N409: 0 | O409: Ft | P409: 0 | Q409: 79900 | R409: 79900 | S409: 79900 | T409: 0 | U409: 0 | V409: H-ITB Kft. | W409: 55083.88 | X409: n | Z409: =IF(Y409<>"",Y409,IF(Table1[[#This Row],[Befolyt]]="i",1,"")) | AA409: =Table1[[#This Row],[KülföldiÁr]]*Table1[[#This Row],[Darab]] -> 0
A410: 638/2026 | B410: Lufthansa Technik Budapest Kft | C410: 46078 | D410: 2 | E410: 46078 | F410: 2 | G410: 2101/4367 | H410: Vizsgálat | I410: Alap | J410: CS10 Teherpróba és vizsgálati díj melléklet szerint | K410: 1 | L410: 63091 | M410: 63091 | N410: 0 | O410: Ft | P410: 0 | Q410: 105152 | R410: 105152 | S410: 105152 | T410: 10 | U410: 10515.2 | V410: Nagy Gergely | W410: 42061 | X410: n | Z410: =IF(Y410<>"",Y410,IF(Table1[[#This Row],[Befolyt]]="i",1,"")) | AA410: =Table1[[#This Row],[KülföldiÁr]]*Table1[[#This Row],[Darab]] -> 0
... A564: 599/2026 | B564: BW Papersystems Budapest Zrt. | C564: 46076 | D564: 2 | E564: 46064 | F564: 2 | G564: 142/28052 | H564: Emelőgép szolgáltatások | I564: Beruházás | J564: Emelőgép Eseti javítási/ hibaelhárítási munkadíja Fő/ óra | K564: 2 | L564: 19500 | M564: 39000 | N564: 0 | O564: Ft | P564: 0 | Q564: 26600 | R564: 25800 | S564: 51600 | T564: 3.4 | U564: 1754.4 | V564: Négyesy Gábor | W564: 12600 | X564: n | Z564: =IF(Y564<>"",Y564,IF(Table1[[#This Row],[Befolyt]]="i",1,"")) | AA564: =Table1[[#This Row],[KülföldiÁr]]*Table1[[#This Row],[Darab]] -> 0
A565: 598/2026 | B565: G-P. Service Mobil Kft. | C565: 46076 | D565: 2 | E565: 46076 | F565: 2 | H565: Előleg | I565: Előleg | J565: Előleg / megrendelés száma: R-041/2026 | K565: 1 | L565: 0 | M565: 0 | N565: 0 | O565: Ft | P565: 0 | Q565: 0 | R565: 1100000 | S565: 1100000 | T565: 0 | U565: 0 | V565: H-ITB Kft. | W565: 1100000 | X565: i | Z565: =IF(Y565<>"",Y565,IF(Table1[[#This Row],[Befolyt]]="i",1,"")) -> 1 | AA565: =Table1[[#This Row],[KülföldiÁr]]*Table1[[#This Row],[Darab]] -> 0
A566: 597/2026 | B566: Tripla Trade Kft | C566: 46076 | D566: 2 | E566: 46076 | F566: 2 | G566: 4112/1576 | H566: Rakományrögzítők | I566: Alap | J566: 75/4,5 hh 4 m hosszú ág 75mm széles 4500/9000daN | K566: 8 | L566: 1720.97 | M566: 13767.76 | N566: 0 | O566: Ft | P566: 0 | Q566: 5780 | R566: 4335 | S566: 34680 | T566: 2.85 | U566: 988.38 | V566: Négyesy Gábor | W566: 20912.24 | X566: n | Z566: =IF(Y566<>"",Y566,IF(Table1[[#This Row],[Befolyt]]="i",1,"")) | AA566: =Table1[[#This Row],[KülföldiÁr]]*Table1[[#This Row],[Darab]] -> 0
A567: 597/2026 | B567: Tripla Trade Kft | C567: 46076 | D567: 2 | E567: 46076 | F567: 2 | G567: 4114/28025 | H567: Rakományrögzítők | I567: Alap | J567: 50/2,5 hh 2 m (0,5+1,5) rakományrögzítő | K567: 6 | L567: 1170.87 | M567: 7025.22 | N567: 0 | O567: Ft | P567: 0 | Q567: 3510 | R567: 2808 | S567: 16848 | T567: 4.28 | U567: 721.0944 | V567: Négyesy Gábor | W567: 9822.78 | X567: n | Z567: =IF(Y567<>"",Y567,IF(Table1[[#This Row],[Befolyt]]="i",1,"")) | AA567: =Table1[[#This Row],[KülföldiÁr]]*Table1[[#This Row],[Darab]] -> 0
A568: 597/2026 | B568: Tripla Trade Kft | C568: 46076 | D568: 2 | E568: 46076 | F568: 2 | G568: 2102/26768 | H568: Fuvar | I568: Egyéb | J568: *CS.11 Fuvar | K568: 1 | L568: 3263 | M568: 3263 | N568: 0 | O568: Ft | P568: 0 | Q568: 3263 | R568: 3500 | S568: 3500 | T568: 0 | U568: 0 | V568: Négyesy Gábor | W568: 237 | X568: n | Z568: =IF(Y568<>"",Y568,IF(Table1[[#This Row],[Befolyt]]="i",1,"")) | AA568: =Table1[[#This Row],[KülföldiÁr]]*Table1[[#This Row],[Darab]] -> 0
A569: 596/2026 | B569: GD Gép és Daru Kft. | C569: 46076 | D569: 2 | E569: 46076 | F569: 2 | G569: 2101/4746 | H569: Vizsgálat | I569: Alap | J569: CS2.Vizsgálati díj egyéni védőeszköz melléklet szerint | K569: 2 | L569: 2280 | M569: 4560 | N569: 0 | O569: Ft | P569: 0 | Q569: 4470 | R569: 4470 | S569: 8940 | T569: 0 | U569: 0 | V569: Forgó Tamás | W569: 4380 | X569: n | Z569: =IF(Y569<>"",Y569,IF(Table1[[#This Row],[Befolyt]]="i",1,"")) | AA569: =Table1[[#This Row],[KülföldiÁr]]*Table1[[#This Row],[Darab]] -> 0
A570: 596/2026 | B570: GD Gép és Daru Kft. | C570: 46076 | D570: 2 | E570: 46076 | F570: 2 | G570: 2101/4745 | H570: Vizsgálat | I570: Alap | J570: CS.1 Vizsgálati díj egyéni védőeszköz melléklet szerint | K570: 14 | L570: 2280 | M570: 31920 | N570: 0 | O570: Ft | P570: 0 | Q570: 4470 | R570: 4470 | S570: 62580 | T570: 0 | U570: 0 | V570: Forgó Tamás | W570: 30660 | X570: n | Z570: =IF(Y570<>"",Y570,IF(Table1[[#This Row],[Befolyt]]="i",1,"")) | AA570: =Table1[[#This Row],[KülföldiÁr]]*Table1[[#This Row],[Darab]] -> 0
A571: 595/2026 | B571: Schwarzmüller Kft. | C571: 46076 | D571: 2 | E571: 46076 | F571: 2 | G571: 23162/1539 | H571: Lánc függesztékek | I571: Alap | J571: lrg 2 - 425 lánc függeszték 1,6 m /tb:4250 kg 0-45°, 3150 kg 45°-60° /26158-26159 | K571: 2 | L571: 10105.54 | M571: 20211.08 | N571: 0 | O571: Ft | P571: 0 | Q571: 21200 | R571: 32425 | S571: 64850 | T571: 10 | U571: 6485 | V571: Molnár Ferenc | W571: 44638.92 | X571: n | Z571: =IF(Y571<>"",Y571,IF(Table1[[#This Row],[Befolyt]]="i",1,"")) | AA571: =Table1[[#This Row],[KülföldiÁr]]*Table1[[#This Row],[Darab]] -> 0
A572: 595/2026 | B572: Schwarzmüller Kft. | C572: 46076 | D572: 2 | E572: 46076 | F572: 2 | G572: 2102/1104 | H572: Fuvar | I572: Egyéb | J572: *V.4 Fuvar | K572: 1 | L572: 3014 | M572: 3014 | N572: 0 | O572: Ft | P572: 0 | Q572: 3014 | R572: 3000 | S572: 3000 | T572: 0 | U572: 0 | V572: Molnár Ferenc | W572: -14 | X572: n | Z572: =IF(Y572<>"",Y572,IF(Table1[[#This Row],[Befolyt]]="i",1,"")) | AA572: =Table1[[#This Row],[KülföldiÁr]]*Table1[[#This Row],[Darab]] -> 0
A573: 594/2026 | B573: Csavarker Kft. | C573: 46076 | D573: 2 | E573: 46076 | F573: 2 | G573: 1321/1377 | H573: Emelőszerkezetek | I573: Alap | J573: GBE 1500 3 m karos láncos emelő | K573: 1 | L573: 21881.2 | M573: 21881.2 | N573: 0 | O573: Ft | P573: 0 | Q573: 94860 | R573: 75900 | S573: 75900 | T573: 2 | U573: 1518 | V573: Halász Miklós | W573: 54018.8 | X573: n | Z573: =IF(Y573<>"",Y573,IF(Table1[[#This Row],[Befolyt]]="i",1,"")) | AA573: =Table1[[#This Row],[KülföldiÁr]]*Table1[[#This Row],[Darab]] -> 0
A574: 594/2026 | B574: Csavarker Kft. | C574: 46076 | D574: 2 | E574: 46076 | F574: 2 | G574: 2102/12002 | H574: Fuvar | I574: Egyéb | J574: *V.9 Fuvar | K574: 1 | L574: 3025 | M574: 3025 | N574: 0 | O574: Ft | P574: 0 | Q574: 3025 | R574: 0 | S574: 0 | T574: 0 | U574: 0 | V574: Halász Miklós | W574: -3025 | X574: n | Z574: =IF(Y574<>"",Y574,IF(Table1[[#This Row],[Befolyt]]="i",1,"")) | AA574: =Table1[[#This Row],[KülföldiÁr]]*Table1[[#This Row],[Darab]] -> 0
A575: 593/2026 | B575: Ziehl-Abegg Kft. | C575: 46076 | D575: 2 | E575: 46076 | F575: 2 | G575: 23152/660 | H575: Lánc függesztékek | I575: Alap | J575: KHG 10 szemes horog G80 | K575: 2 | L575: 1014.91 | M575: 2029.82 | N575: 0 | O575: Ft | P575: 0 | Q575: 2990 | R575: 2400 | S575: 4800 | T575: 1.7 | U575: 81.6 | V575: Bálint Miklós | W575: 2770.18 | X575: n | Z575: =IF(Y575<>"",Y575,IF(Table1[[#This Row],[Befolyt]]="i",1,"")) | AA575: =Table1[[#This Row],[KülföldiÁr]]*Table1[[#This Row],[Darab]] -> 0
A576: 593/2026 | B576: Ziehl-Abegg Kft. | C576: 46076 | D576: 2 | E576: 46076 | F576: 2 | G576: 2102/1001 | H576: Fuvar | I576: Egyéb | J576: *M.11 Fuvar | K576: 1 | L576: 2736.94 | M576: 2736.94 | N576: 0 | O576: Ft | P576: 0 | Q576: 3639 | R576: 2000 | S576: 2000 | T576: 0 | U576: 0 | V576: Bálint Miklós | W576: -736.94 | X576: n | Z576: =IF(Y576<>"",Y576,IF(Table1[[#This Row],[Befolyt]]="i",1,"")) | AA576: =Table1[[#This Row],[KülföldiÁr]]*Table1[[#This Row],[Darab]] -> 0
...

Sheet ÜK_ELSZÁM
A1: Befolyt | B1: ÜK | C1: Szlasz. | D1: HÓ | E1: Vnév | F1: TKÖRÖK | G1: FIZET | H1: JUT_% | I1: JUT | J1: JUT_fiz
A2: =Table1[[#This Row],[Befolyt]] -> n | B2: =Table1[[#This Row],[ÜK]] -> Négyesy Gábor | C2: =Table1[[#This Row],[Szla]] -> 727/2026 | D2: =Table1[[#This Row],[Kelt_hó]] -> 2 | E2: =Table1[[#This Row],[Vevő]] -> Pro Grip Kft. | F2: =Table1[[#This Row],[Termékkör]] -> Rakományrögzítők | G2: =Table1[[#This Row],[SzumElad]] -> 9700 | H2: =Table1[[#This Row],[Jut_%]] -> 13.09 | I2: =Table1[[#This Row],[Jut]] -> 1269.73 | J2: =Table1[[#This Row],[Column1]] -> 0
A3: =Table1[[#This Row],[Befolyt]] -> n | B3: =Table1[[#This Row],[ÜK]] -> Négyesy Gábor | C3: =Table1[[#This Row],[Szla]] -> 727/2026 | D3: =Table1[[#This Row],[Kelt_hó]] -> 2 | E3: =Table1[[#This Row],[Vevő]] -> Pro Grip Kft. | F3: =Table1[[#This Row],[Termékkör]] -> Rakományrögzítők | G3: =Table1[[#This Row],[SzumElad]] -> 9700 | H3: =Table1[[#This Row],[Jut_%]] -> 13.09 | I3: =Table1[[#This Row],[Jut]] -> 1269.73 | J3: =Table1[[#This Row],[Column1]] -> 0
A4: =Table1[[#This Row],[Befolyt]] -> n | B4: =Table1[[#This Row],[ÜK]] -> Négyesy Gábor | C4: =Table1[[#This Row],[Szla]] -> 727/2026 | D4: =Table1[[#This Row],[Kelt_hó]] -> 2 | E4: =Table1[[#This Row],[Vevő]] -> Pro Grip Kft. | F4: =Table1[[#This Row],[Termékkör]] -> Rakományrögzítők | G4: =Table1[[#This Row],[SzumElad]] -> 9700 | H4: =Table1[[#This Row],[Jut_%]] -> 13.09 | I4: =Table1[[#This Row],[Jut]] -> 1269.73 | J4: =Table1[[#This Row],[Column1]] -> 0
A5: =Table1[[#This Row],[Befolyt]] -> n | B5: =Table1[[#This Row],[ÜK]] -> Négyesy Gábor | C5: =Table1[[#This Row],[Szla]] -> 727/2026 | D5: =Table1[[#This Row],[Kelt_hó]] -> 2 | E5: =Table1[[#This Row],[Vevő]] -> Pro Grip Kft. | F5: =Table1[[#This Row],[Termékkör]] -> Rakományrögzítők | G5: =Table1[[#This Row],[SzumElad]] -> 9700 | H5: =Table1[[#This Row],[Jut_%]] -> 13.09 | I5: =Table1[[#This Row],[Jut]] -> 1269.73 | J5: =Table1[[#This Row],[Column1]] -> 0
A6: =Table1[[#This Row],[Befolyt]] -> n | B6: =Table1[[#This Row],[ÜK]] -> Négyesy Gábor | C6: =Table1[[#This Row],[Szla]] -> 727/2026 | D6: =Table1[[#This Row],[Kelt_hó]] -> 2 | E6: =Table1[[#This Row],[Vevő]] -> Pro Grip Kft. | F6: =Table1[[#This Row],[Termékkör]] -> Rakományrögzítők | G6: =Table1[[#This Row],[SzumElad]] -> 8730 | H6: =Table1[[#This Row],[Jut_%]] -> 13.09 | I6: =Table1[[#This Row],[Jut]] -> 1142.757 | J6: =Table1[[#This Row],[Column1]] -> 0
A7: =Table1[[#This Row],[Befolyt]] -> n | B7: =Table1[[#This Row],[ÜK]] -> Négyesy Gábor | C7: =Table1[[#This Row],[Szla]] -> 727/2026 | D7: =Table1[[#This Row],[Kelt_hó]] -> 2 | E7: =Table1[[#This Row],[Vevő]] -> Pro Grip Kft. | F7: =Table1[[#This Row],[Termékkör]] -> Rakományrögzítők | G7: =Table1[[#This Row],[SzumElad]] -> 1260 | H7: =Table1[[#This Row],[Jut_%]] -> 12.38 | I7: =Table1[[#This Row],[Jut]] -> 155.988 | J7: =Table1[[#This Row],[Column1]] -> 0
A8: =Table1[[#This Row],[Befolyt]] -> n | B8: =Table1[[#This Row],[ÜK]] -> Négyesy Gábor | C8: =Table1[[#This Row],[Szla]] -> 727/2026 | D8: =Table1[[#This Row],[Kelt_hó]] -> 2 | E8: =Table1[[#This Row],[Vevő]] -> Pro Grip Kft. | F8: =Table1[[#This Row],[Termékkör]] -> Rakományrögzítők | G8: =Table1[[#This Row],[SzumElad]] -> 9700 | H8: =Table1[[#This Row],[Jut_%]] -> 13.09 | I8: =Table1[[#This Row],[Jut]] -> 1269.73 | J8: =Table1[[#This Row],[Column1]] -> 0
A9: =Table1[[#This Row],[Befolyt]] -> n | B9: =Table1[[#This Row],[ÜK]] -> Négyesy Gábor | C9: =Table1[[#This Row],[Szla]] -> 727/2026 | D9: =Table1[[#This Row],[Kelt_hó]] -> 2 | E9: =Table1[[#This Row],[Vevő]] -> Pro Grip Kft. | F9: =Table1[[#This Row],[Termékkör]] -> Rakományrögzítők | G9: =Table1[[#This Row],[SzumElad]] -> 2910 | H9: =Table1[[#This Row],[Jut_%]] -> 13.09 | I9: =Table1[[#This Row],[Jut]] -> 380.919 | J9: =Table1[[#This Row],[Column1]] -> 0
A10: =Table1[[#This Row],[Befolyt]] -> n | B10: =Table1[[#This Row],[ÜK]] -> Négyesy Gábor | C10: =Table1[[#This Row],[Szla]] -> 727/2026 | D10: =Table1[[#This Row],[Kelt_hó]] -> 2 | E10: =Table1[[#This Row],[Vevő]] -> Pro Grip Kft. | F10: =Table1[[#This Row],[Termékkör]] -> Rakományrögzítők | G10: =Table1[[#This Row],[SzumElad]] -> 8120 | H10: =Table1[[#This Row],[Jut_%]] -> 12.59 | I10: =Table1[[#This Row],[Jut]] -> 1022.308 | J10: =Table1[[#This Row],[Column1]] -> 0
A11: =Table1[[#This Row],[Befolyt]] -> n | B11: =Table1[[#This Row],[ÜK]] -> Négyesy Gábor | C11: =Table1[[#This Row],[Szla]] -> 727/2026 | D11: =Table1[[#This Row],[Kelt_hó]] -> 2 | E11: =Table1[[#This Row],[Vevő]] -> Pro Grip Kft. | F11: =Table1[[#This Row],[Termékkör]] -> Rakományrögzítők | G11: =Table1[[#This Row],[SzumElad]] -> 9700 | H11: =Table1[[#This Row],[Jut_%]] -> 13.09 | I11: =Table1[[#This Row],[Jut]] -> 1269.73 | J11: =Table1[[#This Row],[Column1]] -> 0
A12: =Table1[[#This Row],[Befolyt]] -> n | B12: =Table1[[#This Row],[ÜK]] -> Négyesy Gábor | C12: =Table1[[#This Row],[Szla]] -> 727/2026 | D12: =Table1[[#This Row],[Kelt_hó]] -> 2 | E12: =Table1[[#This Row],[Vevő]] -> Pro Grip Kft. | F12: =Table1[[#This Row],[Termékkör]] -> Rakományrögzítők | G12: =Table1[[#This Row],[SzumElad]] -> 970 | H12: =Table1[[#This Row],[Jut_%]] -> 13.09 | I12: =Table1[[#This Row],[Jut]] -> 126.973 | J12: =Table1[[#This Row],[Column1]] -> 0
A13: =Table1[[#This Row],[Befolyt]] -> n | B13: =Table1[[#This Row],[ÜK]] -> Négyesy Gábor | C13: =Table1[[#This Row],[Szla]] -> 727/2026 | D13: =Table1[[#This Row],[Kelt_hó]] -> 2 | E13: =Table1[[#This Row],[Vevő]] -> Pro Grip Kft. | F13: =Table1[[#This Row],[Termékkör]] -> Rakományrögzítők | G13: =Table1[[#This Row],[SzumElad]] -> 9630 | H13: =Table1[[#This Row],[Jut_%]] -> 12.8 | I13: =Table1[[#This Row],[Jut]] -> 1232.64 | J13: =Table1[[#This Row],[Column1]] -> 0
... A10000: =Table1[[#This Row],[Befolyt]] -> #VALUE! | B10000: =Table1[[#This Row],[ÜK]] -> #VALUE! | C10000: =Table1[[#This Row],[Szla]] -> #VALUE! | D10000: =Table1[[#This Row],[Kelt_hó]] -> #VALUE! | E10000: =Table1[[#This Row],[Vevő]] -> #VALUE! | F10000: =Table1[[#This Row],[Termékkör]] -> #VALUE! | G10000: =Table1[[#This Row],[SzumElad]] -> #VALUE! | H10000: =Table1[[#This Row],[Jut_%]] -> #VALUE! | I10000: =Table1[[#This Row],[Jut]] -> #VALUE! | J10000: =Table1[[#This Row],[Column1]] -> #VALUE!
G10001: =SUBTOTAL(109,Table2[FIZET]) -> 2709512 | I10001: =SUBTOTAL(109,Table2[JUT]) -> 151795.85

Sheet SumElad
A3: Sum of SzumElad | B3: Column Labels
A4: Row Labels | B4: 1 | C4: 2 | D4: Grand Total
A5: Alap | B5: 53421395 | C5: 95674707 | D5: 1.490961e+08
A6: Acélsodrony függesztékek | B6: 377670 | C6: 1690792 | D6: 2068462
A7: Adapterek | C7: 431854.22 | D7: 431854.22
A8: Darukötelek | B8: 649120 | C8: 1421275 | D8: 2070395
A9: Emelőgerenda adapter | C9: 125000 | D9: 125000
A10: Emelőmágnesek | B10: 1143946 | C10: 5061631.2 | D10: 6205577.2
A11: Emelőszemek | B11: 330660 | C11: 939865 | D11: 1270525
A12: Emelőszerkezetek | B12: 4865723.9 | C12: 5362125.5 | D12: 10227849
A13: Garázsipari felszerelések | B13: 270000 | D13: 270000
A14: Kapcsolóelemek | B14: 2802424.8 | C14: 1581005.2 | D14: 4383430
A15: Lánc függesztékek | B15: 5805570.8 | C15: 10719192 | D15: 16524763
A16: Leesés elleni védelem | B16: 551900 | C16: 259010 | D16: 810910
A17: Megfogók | B17: 2866019.4 | C17: 3878943.6 | D17: 6744963.1
A18: Rakományrögzítők | B18: 4987849 | C18: 31504543 | D18: 36492392
A19: Textilkötelek hevederek | B19: 18149000 | C19: 11337538 | D19: 29486538
A20: Vizsgálat | B20: 10621511 | C20: 21361932 | D20: 31983444
A21: Beruházás | B21: 17512728 | C21: 25180134 | D21: 42692862
A22: Daruk futómacskák | B22: 2508238.6 | C22: 14610140 | D22: 17118379
A23: Emelőberendezések | B23: 9365725.2 | C23: 7048785.2 | D23: 16414510
A24: Emelőgép szolgáltatások | B24: 5638764.5 | C24: 2767947.5 | D24: 8406712
A25: Emelőszerkezetek | C25: 753261.08 | D25: 753261.08
A26: Egyéb | B26: 1441430.6 | C26: 3777763.2 | D26: 5219193.8
A27: Egyéb | B27: 26000 | C27: 78000 | D27: 104000
A28: Emelőgép szolgáltatások | B28: 139981 | C28: 1589870.2 | D28: 1729851.2
A29: Fuvar | B29: 238501.57 | C29: 723195.04 | D29: 961696.61
A30: Kiszállás | B30: 748348 | C30: 1042298 | D30: 1790646
A31: Saját munka | B31: 288600 | C31: 344400 | D31: 633000
A32: Előleg | B32: 11777812 | C32: -7652291.8 | D32: 4125520.4
A33: Előleg | B33: 11777812 | C33: -7652291.8 | D33: 4125520.4
A34: #N/A | C34: 88110 | D34: 88110
A35: Emelőszerkezetek | C35: 88110 | D35: 88110
A36: Grand Total | B36: 84153366 | C36: 1.1706842e+08 | D36: 2.0122179e+08

Sheet Árrések
A3: Sum of Árrés
B4: 1 | C4: 2 | D4: Grand Total
A5: Alap | B5: 26532784 | C5: 41031841 | D5: 67564625
A6: Acélsodrony függesztékek | B6: 134929.43 | C6: 593073.88 | D6: 728003.31
A7: Adapterek | B7: 0 | C7: 126849.22 | D7: 126849.22
A8: Darukötelek | B8: 282240.2 | C8: 572078.04 | D8: 854318.24
A9: Emelőgerenda adapter | B9: 0 | C9: 71337.71 | D9: 71337.71
A10: Emelőmágnesek | B10: 548905.36 | C10: 2324640.5 | D10: 2873545.9
A11: Emelőszemek | B11: 156258.76 | C11: 413172.35 | D11: 569431.11
A12: Emelőszerkezetek | B12: 1397535.4 | C12: 2039700.5 | D12: 3437235.8
A13: Garázsipari felszerelések | B13: 124949.75 | C13: 0 | D13: 124949.75
A14: Kapcsolóelemek | B14: 1219329.9 | C14: 575472.42 | D14: 1794802.3
A15: Lánc függesztékek | B15: 3625797.6 | C15: 5624812.6 | D15: 9250610.2
A16: Leesés elleni védelem | B16: 237926.24 | C16: 105069.17 | D16: 342995.41
... A36: Grand Total | B36: 38248483 | C36: 41013328 | D36: 79261811

Sheet MB-hez Árrés
C4: Sum of Árrés | D4: Kelt_hó | E4: Termékfajta
D5: 1 | H5: 1 Total | I5: 2 | N5: 2 Total | O5: Grand Total
C6: ÜK | D6: Alap | E6: Beruházás | F6: Egyéb | G6: Előleg | I6: Alap | J6: Beruházás | K6: Egyéb | L6: Előleg | M6: #N/A
C7: Bálint Miklós | D7: 686378.91 | E7: 896184.18 | F7: -40686.04 | G7: 0 | H7: 1541877.1 | I7: 821627.94 | J7: 226412.07 | K7: -52784.5 | L7: 0 | M7: 0 | N7: 995255.51 | O7: 2537132.6
C8: Forgó Tamás | D8: 110088.93 | E8: 0 | F8: 0 | G8: 0 | H8: 110088.93 | I8: 8759768 | J8: 0 | K8: 22815.36 | L8: 0 | M8: 0 | N8: 8782583.4 | O8: 8892672.3
C9: Halász Miklós | D9: 4121325.7 | E9: 153088 | F9: 39833.21 | G9: 0 | H9: 4314247 | I9: 3653370.5 | J9: 0 | K9: -147959.34 | L9: 0 | M9: 0 | N9: 3505411.2 | O9: 7819658.1
C10: Hegyi Gábor | D10: 909936.82 | E10: 907568.75 | F10: 9598 | G10: 0 | H10: 1827103.6 | I10: 2437072.3 | J10: 140212.86 | K10: -12831.54 | L10: 194940.16 | M10: 0 | N10: 2759393.8 | O10: 4586497.4
C11: Horváth István | D11: 1640375.6 | E11: 709754.24 | F11: -67856.48 | G11: 3796621.5 | H11: 6078894.9 | I11: 1983878.6 | J11: 0 | K11: 39839.94 | L11: 0 | M11: 0 | N11: 2023718.5 | O11: 8102613.4
C12: Molnár Ferenc | D12: 2979753.9 | E12: 62622.162 | F12: -15036.29 | G12: 981190.75 | H12: 4008530.6 | I12: 3620337.5 | J12: 730169.57 | K12: -124904.9 | L12: 0 | M12: 0 | N12: 4225602.2 | O12: 8234132.8
C13: Nagy Gergely | D13: 9647009.2 | E13: -695.42 | F13: 68671 | G13: 0 | H13: 9714984.8 | I13: 4403677.3 | J13: 391621.38 | K13: -2248.896 | L13: 0 | M13: 0 | N13: 4793049.8 | O13: 14508035
C14: Négyesy Gábor | D14: 3770941.3 | E14: 284428.8 | F14: 101032.43 | G14: 0 | H14: 4156402.6 | I14: 9933374.1 | J14: 717777.63 | K14: 95593.644 | L14: 0 | M14: 47539.253 | N14: 10794285 | O14: 14950687
C15: Simon Jenő | D15: 1130948.8 | E15: 0 | F15: -25332.04 | G15: 0 | H15: 1105616.8 | I15: 2199829 | J15: 3855249.8 | K15: 179133.88 | L15: -8947232 | M15: 0 | N15: -2713019.3 | O15: -1607402.6
C16: Horváth István. | D16: 374577.05 | E16: 461668.07 | F16: -31132 | G16: 0 | H16: 805113.12 | I16: 1049677.9 | J16: 20626.85 | K16: -5836.05 | L16: 0 | M16: 0 | N16: 1064468.7 | O16: 1869581.8
C17: Grand Total | D17: 25371336 | E17: 3474618.8 | F17: 39091.788 | G17: 4777812.2 | H17: 33662859 | I17: 38862613 | J17: 6082070.2 | K17: -9182.4 | L17: -8752291.8 | M17: 47539.253 | N17: 36230748 | O17: 69893608

Sheet KTGC-hez
C4: Sum of SzumElad | E4: Kelt_hó
C5: Termékfajta | D5: ÜK | E5: 1 | F5: 2 | G5: Grand Total
C6: Alap | D6: Négyesy Gábor | E6: 8381203 | F6: 18847813 | G6: 27229016
D7: Nagy Gergely | E7: 15910377 | F7: 10579148 | G7: 26489525
D8: Forgó Tamás | E8: 220981.05 | F8: 24865810 | G8: 25086791
D9: Halász Miklós | E9: 7830321 | F9: 6234648 | G9: 14064969
D10: Molnár Ferenc | E10: 6002720 | F10: 6828932 | G10: 12831652
D11: Tóth Ferenc | E11: 6393877.4 | F11: 1740722.6 | G11: 8134600
D12: Simon Jenő | E12: 2117795.1 | F12: 5891967.3 | G12: 8009762.5
D13: Hegyi Gábor | E13: 1708130 | F13: 5479049 | G13: 7187179
D14: Horváth István | E14: 2458854 | F14: 3512887 | G14: 5971741
D15: Vlada Gasić | F15: 5127366.7 | G15: 5127366.7
D16: Bálint Miklós | E16: 1205612 | F16: 2613860 | G16: 3819472
D17: Horváth István. | E17: 565326 | F17: 1829316.5 | G17: 2394642.5
D18: Kocsis Károly | E18: 100625 | F18: 892400 | G18: 993025
D19: Buzás Péter | E19: 43332.6 | F19: 914922.74 | G19: 958255.34
D20: H-ITB Kft. | E20: 482240.32 | F20: 315865 | G20: 798105.32
C21: Alap Total | E21: 53421395 | F21: 95674707 | G21: 1.490961e+08
C22: Beruházás | D22: Simon Jenő | F22: 16950573 | G22: 16950573
D23: H-ITB Kft. | E23: 8324721.2 | F23: 1454400 | G23: 9779121.2
D24: Négyesy Gábor | E24: 1861280 | F24: 2061701.1 | G24: 3922981.1
D25: Hegyi Gábor | E25: 2352700 | F25: 449125.5 | G25: 2801825.5
D26: Bálint Miklós | E26: 1379200 | F26: 823100 | G26: 2202300
D27: Molnár Ferenc | E27: 145826.36 | F27: 1982154.9 | G27: 2127981.2
D28: Horváth István | E28: 1757750 | G28: 1757750
D29: Horváth István. | E29: 1215944.7 | F29: 47168.75 | G29: 1263113.5
D30: Nagy Gergely | E30: 0 | F30: 1050102 | G30: 1050102
D31: Halász Miklós | E31: 367800 | G31: 367800
D32: Vlada Gasić | F32: 361808.29 | G32: 361808.29
D33: Buzás Péter | E33: 107506 | G33: 107506
C34: Beruházás Total | E34: 17512728 | F34: 25180134 | G34: 42692862
C35: Egyéb | D35: Simon Jenő | E35: 46800 | F35: 1592440.2 | G35: 1639240.2
D36: H-ITB Kft. | E36: 130679 | F36: 603680 | G36: 734359
D37: Négyesy Gábor | E37: 276338 | F37: 264948 | G37: 541286
D38: Hegyi Gábor | E38: 139600 | F38: 280500 | G38: 420100
D39: Forgó Tamás | F39: 410596.55 | G39: 410596.55
D40: Halász Miklós | E40: 308685 | F40: 47069 | G40: 355754
D41: Molnár Ferenc | E41: 176998 | F41: 137317 | G41: 314315
D42: Nagy Gergely | E42: 170000 | F42: 43800 | G42: 213800
D43: Bálint Miklós | E43: 124700 | F43: 54626 | G43: 179326
D44: Horváth István. | E44: 21800 | F44: 126479 | G44: 148279
D45: Horváth István | E45: 1900 | F45: 129500 | G45: 131400
D46: Buzás Péter | E46: 19409.9 | F46: 60849.7 | G46: 80259.6
D47: Tóth Ferenc | E47: 24520.67 | F47: 12181.43 | G47: 36702.1
D48: Vlada Gasić | F48: 13776.36 | G48: 13776.36
D49: Kocsis Károly | E49: 0 | G49: 0
C50: Egyéb Total | E50: 1441430.6 | F50: 3777763.2 | G50: 5219193.8
C51: Előleg | E51: 7000000 | G51: 7000000
D52: Horváth István | E52: 3796621.5 | G52: 3796621.5
D53: H-ITB Kft. | F53: 1100000 | G53: 1100000
D54: Molnár Ferenc | E54: 981190.75 | G54: 981190.75
D55: Hegyi Gábor | F55: 194940.16 | G55: 194940.16
D56: Simon Jenő | F56: -8947232 | G56: -8947232
C57: Előleg Total | E57: 11777812 | F57: -7652291.8 | G57: 4125520.4
C58: #N/A | D58: Négyesy Gábor | F58: 88110 | G58: 88110
C59: #N/A Total | F59: 88110 | G59: 88110
C60: Grand Total | E60: 84153366 | F60: 1.1706842e+08 | G60: 2.0122179e+08

Sheet KTGC
A1: UZL | B1: ÜK | C1: Jan | D1: Febr | E1: Márc | F1: Ápr | G1: Máj | H1: Jún | I1: Júl | J1: Aug | K1: Szept | L1: Okt | M1: Nov | N1: Dec | O1: SZUM | T1: Alap | U1: Ber
Q2: 2024 | S2: havi alapterv
A3: Polyák | B3: ELAD 26 | C3: =C10+C11 -> 10518821 | D3: =D10+D11 -> 21174462 | E3: =E10+E11 -> #REF! | F3: =F10+F11 -> #REF! | G3: =G10+G11 -> #REF! | H3: =H10+H11 -> #REF! | I3: =I10+I11 -> #REF! | J3: =J10+J11 -> #REF! | ... N3: =N10+N11 -> #REF! | O3: =SUM(C3:N3) -> #REF! | Q3: Min. Terv | R3: Alap limit | S3: BonuszLimit | T3: AlapTerv | U3: Egyéb
A4: Polyák | B4: TERV 26 | C4: =$O4/12 -> 21250000 | D4: =$O4/12 -> 21250000 | E4: =$O4/12 -> 21250000 | F4: =$O4/12 -> 21250000 | G4: =$O4/12 -> 21250000 | H4: =$O4/12 -> 21250000 | I4: =$O4/12 -> 21250000 | J4: =$O4/12 -> 21250000 | ... N4: =$O4/12 -> 21250000 | O4: =T4+U4 -> 255000000 | Q4: =O4/12*0.9 -> 19125000 | R4: =T4/12*0.9 -> 15750000 | S4: =ROUNDUP(T4/12,-5) -> 17500000 | T4: 210000000 | U4: 45000000
A5: Polyák | O5: =T4+T6 -> 255000000 | T5: BerTerv | U5: Ber_hó
A6: Polyák | B6: TÉNY 26/TERV 26 | C6: =C3/C4 -> 0.49500334 | D6: =D3/D4 -> 0.99644526 | E6: =E3/E4 -> #REF! | F6: =F3/F4 -> #REF! | G6: =G3/G4 -> #REF! | H6: =H3/H4 -> #REF! | I6: =I3/I4 -> #REF! | J6: =J3/J4 -> #REF! | ... O6: =O3/O4 -> #REF! | T6: 45000000 | U6: =T6/12 -> 3750000
A7: Polyák | B7: KORRIGÁLT 26 | O7: =SUM(C7:N7) -> 0
A8: Polyák | B8: 6 % TÉNY 26 | Q8: Bonusz: | R8: Ha Elad < Min. Terv => Bonusz = 0
A9: Polyák | B9: Bonusz_26 | C9: =IF(C10<$R4,0,IF(C3<$Q4,0,IF(C3>C4,IF(C10>$S4,500000,500000*(C10/$S4)*(C10/$S4) ),(C3-$Q4)/(C4-$Q4)*500000))) -> 0 | D9: =IF(D10<$R4,0,IF(D3<$Q4,0,IF(D3>D4,IF(D10>$S4,500000,500000*(D10/$S4)*(D10/$S4) ),(D3-$Q4)/(D4-$Q4)*500000))) -> 482226.3 | E9: =IF(E10<$R4,0,IF(E3<$Q4,0,IF(E3>E4,IF(E10>$S4,500000,500000*(E10/$S4)*(E10/$S4) ),(E3-$Q4)/(E4-$Q4)*500000))) -> #REF! | F9: =IF(F10<$R4,0,IF(F3<$Q4,0,IF(F3>F4,IF(F10>$S4,500000,500000*(F10/$S4)*(F10/$S4) ),(F3-$Q4)/(F4-$Q4)*500000))) -> #REF! | G9: =IF(G10<$R4,0,IF(G3<$Q4,0,IF(G3>G4,IF(G10>$S4,500000,500000*(G10/$S4)*(G10/$S4) ),(G3-$Q4)/(G4-$Q4)*500000))) -> #REF! | H9: =IF(H10<$R4,0,IF(H3<$Q4,0,IF(H3>H4,IF(H10>$S4,500000,500000*(H10/$S4)*(H10/$S4) ),(H3-$Q4)/(H4-$Q4)*500000))) -> #REF! | I9: =IF(I10<$R4,0,IF(I3<$Q4,0,IF(I3>I4,IF(I10>$S4,500000,500000*(I10/$S4)*(I10/$S4) ),(I3-$Q4)/(I4-$Q4)*500000))) -> #REF! | J9: =IF(J10<$R4,0,IF(J3<$Q4,0,IF(J3>J4,IF(J10>$S4,500000,500000*(J10/$S4)*(J10/$S4) ),(J3-$Q4)/(J4-$Q4)*500000))) -> #REF! | ... N9: =IF(N10<$R4,0,IF(N3<$Q4,0,IF(N3>N4,IF(N10>$S4,500000,500000*(N10/$S4)*(N10/$S4) ),(N3-$Q4)/(N4-$Q4)*500000))) -> #REF! | O9: =SUM(C9:N9) -> #REF! | R9: Ha Alap < Alap Limit(13M) => Bonusz = 0
A10: Polyák | B10: Alap_26 | C10: =GETPIVOTDATA("SzumElad",'KTGC-hez'!$C$4,"Kelt_hó",1,"Termékfajta","Alap","ÜK","Négyesy Gábor") -> 8381203 | D10: =GETPIVOTDATA("SzumElad",'KTGC-hez'!$C$4,"Kelt_hó",2,"Termékfajta","Alap","ÜK","Négyesy Gábor") -> 18847813 | E10: =GETPIVOTDATA("SzumElad",'KTGC-hez'!$C$4,"Kelt_hó",3,"Termékfajta","Alap","ÜK","Négyesy Gábor") -> #REF! | F10: =GETPIVOTDATA("SzumElad",'KTGC-hez'!$C$4,"Kelt_hó",4,"Termékfajta","Alap","ÜK","Négyesy Gábor") -> #REF! | G10: =GETPIVOTDATA("SzumElad",'KTGC-hez'!$C$4,"Kelt_hó",5,"Termékfajta","Alap","ÜK","Négyesy Gábor") -> #REF! | H10: =GETPIVOTDATA("SzumElad",'KTGC-hez'!$C$4,"Kelt_hó",6,"Termékfajta","Alap","ÜK","Négyesy Gábor") -> #REF! | I10: =GETPIVOTDATA("SzumElad",'KTGC-hez'!$C$4,"Kelt_hó",7,"Termékfajta","Alap","ÜK","Négyesy Gábor") -> #REF! | J10: =GETPIVOTDATA("SzumElad",'KTGC-hez'!$C$4,"Kelt_hó",8,"Termékfajta","Alap","ÜK","Négyesy Gábor") -> #REF! | K10: =GETPIVOTDATA("SzumElad",'KTGC-hez'!$C$4,"Kelt_hó",9,"Termékfajta","Alap","ÜK","Négyesy Gábor") -> #REF! | L10: =GETPIVOTDATA("SzumElad",'KTGC-hez'!$C$4,"Kelt_hó",10,"Termékfajta","Alap","ÜK","Négyesy Gábor") -> #REF! | M10: =GETPIVOTDATA("SzumElad",'KTGC-hez'!$C$4,"Kelt_hó",11,"Termékfajta","Alap","ÜK","Négyesy Gábor") -> #REF! | N10: =GETPIVOTDATA("SzumElad",'KTGC-hez'!$C$4,"Kelt_hó",12,"Termékfajta","Alap","ÜK","Négyesy Gábor") -> #REF! | O10: =SUM(C10:N10) -> #REF! | R10: Ha Elad > Terv és Alap > BonuszLimit => Bonusz = 500 000 | X10: =IFERROR(D10,0) -> 18847813
A11: Polyák | B11: Ber_25 | C11: =GETPIVOTDATA("SzumElad",'KTGC-hez'!$C$4,"Kelt_hó",1,"Termékfajta","Beruházás","ÜK","Négyesy Gábor")+GETPIVOTDATA("SzumElad",'KTGC-hez'!$C$4,"Kelt_hó",1,"Termékfajta","Egyéb","ÜK","Négyesy Gábor") -> 2137618 | D11: =GETPIVOTDATA("SzumElad",'KTGC-hez'!$C$4,"Kelt_hó",2,"Termékfajta","Beruházás","ÜK","Négyesy Gábor")+GETPIVOTDATA("SzumElad",'KTGC-hez'!$C$4,"Kelt_hó",2,"Termékfajta","Egyéb","ÜK","Négyesy Gábor") -> 2326649.1 | E11: =GETPIVOTDATA("SzumElad",'KTGC-hez'!$C$4,"Kelt_hó",3,"Termékfajta","Beruházás","ÜK","Négyesy Gábor")+GETPIVOTDATA("SzumElad",'KTGC-hez'!$C$4,"Kelt_hó",3,"Termékfajta","Egyéb","ÜK","Négyesy Gábor") -> #REF! | F11: =GETPIVOTDATA("SzumElad",'KTGC-hez'!$C$4,"Kelt_hó",4,"Termékfajta","Beruházás","ÜK","Négyesy Gábor")+GETPIVOTDATA("SzumElad",'KTGC-hez'!$C$4,"Kelt_hó",4,"Termékfajta","Egyéb","ÜK","Négyesy Gábor") -> #REF! | G11: =GETPIVOTDATA("SzumElad",'KTGC-hez'!$C$4,"Kelt_hó",5,"Termékfajta","Beruházás","ÜK","Négyesy Gábor")+GETPIVOTDATA("SzumElad",'KTGC-hez'!$C$4,"Kelt_hó",5,"Termékfajta","Egyéb","ÜK","Négyesy Gábor") -> #REF! | H11: =GETPIVOTDATA("SzumElad",'KTGC-hez'!$C$4,"Kelt_hó",6,"Termékfajta","Beruházás","ÜK","Négyesy Gábor")+GETPIVOTDATA("SzumElad",'KTGC-hez'!$C$4,"Kelt_hó",6,"Termékfajta","Egyéb","ÜK","Négyesy Gábor") -> #REF! | I11: =GETPIVOTDATA("SzumElad",'KTGC-hez'!$C$4,"Kelt_hó",7,"Termékfajta","Beruházás","ÜK","Négyesy Gábor")+GETPIVOTDATA("SzumElad",'KTGC-hez'!$C$4,"Kelt_hó",7,"Termékfajta","Egyéb","ÜK","Négyesy Gábor") -> #REF! | J11: =GETPIVOTDATA("SzumElad",'KTGC-hez'!$C$4,"Kelt_hó",8,"Termékfajta","Beruházás","ÜK","Négyesy Gábor")+GETPIVOTDATA("SzumElad",'KTGC-hez'!$C$4,"Kelt_hó",8,"Termékfajta","Egyéb","ÜK","Négyesy Gábor") -> #REF! | K11: =GETPIVOTDATA("SzumElad",'KTGC-hez'!$C$4,"Kelt_hó",9,"Termékfajta","Beruházás","ÜK","Négyesy Gábor")+GETPIVOTDATA("SzumElad",'KTGC-hez'!$C$4,"Kelt_hó",9,"Termékfajta","Egyéb","ÜK","Négyesy Gábor") -> #REF! | L11: =GETPIVOTDATA("SzumElad",'KTGC-hez'!$C$4,"Kelt_hó",10,"Termékfajta","Beruházás","ÜK","Négyesy Gábor")+GETPIVOTDATA("SzumElad",'KTGC-hez'!$C$4,"Kelt_hó",10,"Termékfajta","Egyéb","ÜK","Négyesy Gábor") -> #REF! | M11: =GETPIVOTDATA("SzumElad",'KTGC-hez'!$C$4,"Kelt_hó",11,"Termékfajta","Beruházás","ÜK","Négyesy Gábor")+GETPIVOTDATA("SzumElad",'KTGC-hez'!$C$4,"Kelt_hó",11,"Termékfajta","Egyéb","ÜK","Négyesy Gábor") -> #REF! | N11: =GETPIVOTDATA("SzumElad",'KTGC-hez'!$C$4,"Kelt_hó",12,"Termékfajta","Beruházás","ÜK","Négyesy Gábor")+GETPIVOTDATA("SzumElad",'KTGC-hez'!$C$4,"Kelt_hó",12,"Termékfajta","Egyéb","ÜK","Négyesy Gábor") -> #REF! | O11: =SUM(C11:N11) -> #REF! | R11: Ha Elad > Terv és Alap < BonuszLimit => Bonusz = 500 000 * (Alap/BonuszLimit)²
A12: Polyák | B12: Kumulált_ber | E12: =C11+D11+E11 -> #REF! | H12: =F11+G11+H11 -> #REF! | K12: =I11+J11+K11 -> #REF! | N12: =L11+M11+N11 -> #REF! | R12: Ha Elad < Terv de Elad > Min. Terv => Bonusz = 500 000 * (Elad - min.Terv)/(Terv - min.Terv)
A13: Polyák | B13: Kumulált_ber_terv | E13: =$U6*3 -> 11250000 | H13: =$U6*3 -> 11250000 | K13: =$U6*3 -> 11250000 | N13: =$U6*3 -> 11250000
A14: Polyák | B14: BerBon | E14: 0 | H14: =IF(H12>H13,180000,IF(H12>H13*0.9,100000,IF(H12>H13*0.75,60000,0))) -> #REF! | K14: =IF(K12>K13,180000,IF(K12>K13*0.9,100000,IF(K12>K13*0.75,60000,0))) -> #REF! | N14: =IF(N12>N13,180000,IF(N12>N13*0.9,100000,IF(N12>N13*0.75,60000,0))) -> #REF! | Q14: BerBon: | R14: Ha 3 havi Ber min. 75%os => 60 000
A15: Polyák | B15: KTGC_26 | C15: =C7+C9+C14 -> 0 | D15: =D7+D9+D14 -> 482226.3 | E15: =E7+E9+E14 -> #REF! | F15: =F7+F9+F14 -> #REF! | G15: =G7+G9+G14 -> #REF! | H15: =H7+H9+H14 -> #REF! | I15: =I7+I9+I14 -> #REF! | J15: =J7+J9+J14 -> #REF! | ... N15: =N7+N9+N14 -> #REF! | O15: =SUM(C15:N15) -> #REF! | R15: 90%-os => 100 000; 100%-os => 180 000
A16: Polyák | B16: JUT_26 | C16: 110239 | D16: 812989 | O16: =SUM(C16:N16) -> 923228
B17: SZUM | C17: =SUM(C15:C16) -> 110239 | D17: =SUM(D15:D16) -> 1295215.3 | E17: =SUM(E15:E16) -> #REF! | F17: =SUM(F15:F16) -> #REF! | G17: =SUM(G15:G16) -> #REF! | H17: =SUM(H15:H16) -> #REF! | I17: =SUM(I15:I16) -> #REF! | J17: =SUM(J15:J16) -> #REF! | ... O17: =SUM(O15:O16) -> #REF!
B18: JUT_25 | C18: 1395544 | D18: 332694
C19: =C18+C17 -> 1505783 | D19: =D18+D17 -> 1627909.3 | E19: =E18+E17 -> #REF! | F19: =F18+F17 -> #REF! | G19: =G18+G17 -> #REF! | H19: =H18+H17 -> #REF! | I19: =I18+I17 -> #REF! | J19: =J18+J17 -> #REF! | ... N19: =N18+N17 -> #REF!
A22: UZL | B22: ÜK | C22: Jan | D22: Febr | E22: Márc | F22: Ápr | G22: Máj | H22: Jún | I22: Júl | J22: Aug | K22: Szept | L22: Okt | M22: Nov | N22: Dec | O22: SZUM | T22: Alap | U22: Ber
Q23: 2025 | R23: havi alapterv*0,9 | S23: havi alapterv
A24: GNAGY | B24: ELAD 26 | C24: =C31+C32 -> 15910377 | D24: =D31+D32 -> 11629250 | E24: =E31+E32 -> #REF! | F24: =F31+F32 -> #REF! | G24: =G31+G32 -> #REF! | H24: =H31+H32 -> #REF! | I24: =I31+I32 -> #REF! | J24: =J31+J32 -> #REF! | ... N24: =N31+N32 -> #REF! | O24: =SUM(C24:N24) -> #REF! | Q24: Min. Terv | R24: 360 LIMIT | S24: BonuszLimit | T24: AlapTerv | U24: Egyéb
A25: GNAGY | B25: TERV 26 | C25: =$O25/12 -> 12916667 | D25: =$O25/12 -> 12916667 | E25: =$O25/12 -> 12916667 | F25: =$O25/12 -> 12916667 | G25: =$O25/12 -> 12916667 | H25: =$O25/12 -> 12916667 | I25: =$O25/12 -> 12916667 | J25: =$O25/12 -> 12916667 | ... N25: =$O25/12 -> 12916667 | O25: =T25+U25 -> 155000000 | Q25: =O25/12*0.9 -> 11625000 | R25: =T25/12*0.9 -> 8625000 | S25: =ROUNDUP(T25/12,-5) -> 9600000 | T25: 115000000 | U25: 40000000
A26: GNAGY | O26: =T25+T27 -> 155000000 | T26: BerTerv | U26: Ber_hó
A27: GNAGY | B27: TÉNY 26/TERV 26 | C27: =C24/C25 -> 1.2317711 | D27: =D24/D25 -> 0.90032903 | E27: =E24/E25 -> #REF! | F27: =F24/F25 -> #REF! | G27: =G24/G25 -> #REF! | H27: =H24/H25 -> #REF! | I27: =I24/I25 -> #REF! | J27: =J24/J25 -> #REF! | ... O27: =O24/O25 -> #REF! | T27: 40000000 | U27: =T27/12 -> 3333333.3
A28: GNAGY | B28: KORRIGÁLT 26 | C28: =IF(C24=Z28,0,IF(C29<180000,IF(C31< 1500000, 100000,180000),IF(C31>$R25,360000,C29))) -> 360000 | D28: =IF(D24=AA28,0,IF(D29<180000,IF(D31< 1500000, 100000,180000),IF(D31>$R25,360000,D29))) -> 360000 | E28: =IF(E24=AB28,0,IF(E29<180000,IF(E31< 1500000, 100000,180000),IF(E31>$R25,360000,E29))) -> #REF! | F28: =IF(F24=AC28,0,IF(F29<180000,IF(F31< 1500000, 100000,180000),IF(F31>$R25,360000,F29))) -> #REF! | G28: =IF(G24=AD28,0,IF(G29<180000,IF(G31< 1500000, 100000,180000),IF(G31>$R25,360000,G29))) -> #REF! | H28: =IF(H24=AE28,0,IF(H29<180000,IF(H31< 1500000, 100000,180000),IF(H31>$R25,360000,H29))) -> #REF! | I28: =IF(I24=AF28,0,IF(I29<180000,IF(I31< 1500000, 100000,180000),IF(I31>$R25,360000,I29))) -> #REF! | J28: =IF(J24=AG28,0,IF(J29<180000,IF(J31< 1500000, 100000,180000),IF(J31>$R25,360000,J29))) -> #REF! | ... N28: =IF(N24=AK28,0,IF(N29<180000,IF(N31< 1500000, 100000,180000),IF(N31>$R25,360000,N29))) -> #REF! | O28: =SUM(C28:N28) -> #REF!
A29: GNAGY | B29: 6 % TÉNY 26 | C29: =IF(C24*0.06*C27>300000,300000,IF(C31<1500000,100000,C24*0.06*C27)) -> 300000 | D29: =IF(D24*0.06*D27>300000,300000,IF(D31<1500000,100000,D24*0.06*D27)) -> 300000 | E29: =IF(E24*0.06*E27>300000,300000,IF(E31<1500000,100000,E24*0.06*E27)) -> #REF! | F29: =IF(F24*0.06*F27>300000,300000,IF(F31<1500000,100000,F24*0.06*F27)) -> #REF! | G29: =IF(G24*0.06*G27>300000,300000,IF(G31<1500000,100000,G24*0.06*G27)) -> #REF! | H29: =IF(H24*0.06*H27>300000,300000,IF(H31<1500000,100000,H24*0.06*H27)) -> #REF! | I29: =IF(I24*0.06*I27>300000,300000,IF(I31<1500000,100000,I24*0.06*I27)) -> #REF! | J29: =IF(J24*0.06*J27>300000,300000,IF(J31<1500000,100000,J24*0.06*J27)) -> #REF! | ... N29: =IF(N24*0.06*N27>300000,300000,IF(N31<1500000,100000,N24*0.06*N27)) -> #REF! | Q29: KTGC : | R29: ELAD * (TÉNY/TERV) * 0,06 (max 300 000)
A30: GNAGY | B30: Bonusz_26 | C30: =IF(C31<$S25,0,IF(C24<$Q25,0,IF(C24>C25,120000,(C24-$Q25)/(C25-$Q25)*120000))) -> 120000 | D30: =IF(D31<$S25,0,IF(D24<$Q25,0,IF(D24>D25,120000,(D24-$Q25)/(D25-$Q25)*120000))) -> 394.83499 | E30: =IF(E31<$S25,0,IF(E24<$Q25,0,IF(E24>E25,120000,(E24-$Q25)/(E25-$Q25)*120000))) -> #REF! | F30: =IF(F31<$S25,0,IF(F24<$Q25,0,IF(F24>F25,120000,(F24-$Q25)/(F25-$Q25)*120000))) -> #REF! | G30: =IF(G31<$S25,0,IF(G24<$Q25,0,IF(G24>G25,120000,(G24-$Q25)/(G25-$Q25)*120000))) -> #REF! | H30: =IF(H31<$S25,0,IF(H24<$Q25,0,IF(H24>H25,120000,(H24-$Q25)/(H25-$Q25)*120000))) -> #REF! | I30: =IF(I31<$S25,0,IF(I24<$Q25,0,IF(I24>I25,120000,(I24-$Q25)/(I25-$Q25)*120000))) -> #REF! | J30: =IF(J31<$S25,0,IF(J24<$Q25,0,IF(J24>J25,120000,(J24-$Q25)/(J25-$Q25)*120000))) -> #REF! | ... N30: =IF(N31<$S25,0,IF(N24<$Q25,0,IF(N24>N25,120000,(N24-$Q25)/(N25-$Q25)*120000))) -> #REF! | O30: =SUM(C30:N30) -> #REF! | Q30: KorrigáltKTGC: | R30: Ha KTGC < 180 000 lenne de Alap !< 1 500 000 akkor KTGC 180 000
A31: GNAGY | B31: Alap_26 | C31: =GETPIVOTDATA("SzumElad",'KTGC-hez'!$C$4,"Kelt_hó",1,"Termékfajta","Alap","ÜK","Nagy Gergely") -> 15910377 | D31: =GETPIVOTDATA("SzumElad",'KTGC-hez'!$C$4,"Kelt_hó",2,"Termékfajta","Alap","ÜK","Nagy Gergely") -> 10579148 | E31: =GETPIVOTDATA("SzumElad",'KTGC-hez'!$C$4,"Kelt_hó",3,"Termékfajta","Alap","ÜK","Nagy Gergely") -> #REF! | F31: =GETPIVOTDATA("SzumElad",'KTGC-hez'!$C$4,"Kelt_hó",4,"Termékfajta","Alap","ÜK","Nagy Gergely") -> #REF! | G31: =GETPIVOTDATA("SzumElad",'KTGC-hez'!$C$4,"Kelt_hó",5,"Termékfajta","Alap","ÜK","Nagy Gergely") -> #REF! | H31: =GETPIVOTDATA("SzumElad",'KTGC-hez'!$C$4,"Kelt_hó",6,"Termékfajta","Alap","ÜK","Nagy Gergely") -> #REF! | I31: =GETPIVOTDATA("SzumElad",'KTGC-hez'!$C$4,"Kelt_hó",7,"Termékfajta","Alap","ÜK","Nagy Gergely") -> #REF! | J31: =GETPIVOTDATA("SzumElad",'KTGC-hez'!$C$4,"Kelt_hó",8,"Termékfajta","Alap","ÜK","Nagy Gergely") -> #REF! | K31: =GETPIVOTDATA("SzumElad",'KTGC-hez'!$C$4,"Kelt_hó",9,"Termékfajta","Alap","ÜK","Nagy Gergely") -> #REF! | L31: =GETPIVOTDATA("SzumElad",'KTGC-hez'!$C$4,"Kelt_hó",10,"Termékfajta","Alap","ÜK","Nagy Gergely") -> #REF! | M31: =GETPIVOTDATA("SzumElad",'KTGC-hez'!$C$4,"Kelt_hó",11,"Termékfajta","Alap","ÜK","Nagy Gergely") -> #REF! | N31: =GETPIVOTDATA("SzumElad",'KTGC-hez'!$C$4,"Kelt_hó",12,"Termékfajta","Alap","ÜK","Nagy Gergely") -> #REF! | O31: =SUM(C31:N31) -> #REF! | R31: Ha Alap< 1 500 000 => KTGC = 100 000
A32: GNAGY | B32: Ber_25 | C32: =GETPIVOTDATA("SzumElad",'KTGC-hez'!$C$4,"Kelt_hó",1,"Termékfajta","Beruházás","ÜK","Nagy Gergely") -> 0 | D32: =GETPIVOTDATA("SzumElad",'KTGC-hez'!$C$4,"Kelt_hó",2,"Termékfajta","Beruházás","ÜK","Nagy Gergely") -> 1050102 | E32: =GETPIVOTDATA("SzumElad",'KTGC-hez'!$C$4,"Kelt_hó",3,"Termékfajta","Beruházás","ÜK","Nagy Gergely") -> #REF! | F32: =GETPIVOTDATA("SzumElad",'KTGC-hez'!$C$4,"Kelt_hó",4,"Termékfajta","Beruházás","ÜK","Nagy Gergely") -> #REF! | G32: =GETPIVOTDATA("SzumElad",'KTGC-hez'!$C$4,"Kelt_hó",5,"Termékfajta","Beruházás","ÜK","Nagy Gergely") -> #REF! | H32: =GETPIVOTDATA("SzumElad",'KTGC-hez'!$C$4,"Kelt_hó",6,"Termékfajta","Beruházás","ÜK","Nagy Gergely") -> #REF! | I32: =GETPIVOTDATA("SzumElad",'KTGC-hez'!$C$4,"Kelt_hó",7,"Termékfajta","Beruházás","ÜK","Nagy Gergely") -> #REF! | J32: =GETPIVOTDATA("SzumElad",'KTGC-hez'!$C$4,"Kelt_hó",8,"Termékfajta","Beruházás","ÜK","Nagy Gergely") -> #REF! | K32: =GETPIVOTDATA("SzumElad",'KTGC-hez'!$C$4,"Kelt_hó",9,"Termékfajta","Beruházás","ÜK","Nagy Gergely") -> #REF! | L32: =GETPIVOTDATA("SzumElad",'KTGC-hez'!$C$4,"Kelt_hó",10,"Termékfajta","Beruházás","ÜK","Nagy Gergely") -> #REF! | M32: =GETPIVOTDATA("SzumElad",'KTGC-hez'!$C$4,"Kelt_hó",11,"Termékfajta","Beruházás","ÜK","Nagy Gergely") -> #REF! | N32: =GETPIVOTDATA("SzumElad",'KTGC-hez'!$C$4,"Kelt_hó",12,"Termékfajta","Beruházás","ÜK","Nagy Gergely") -> #REF! | O32: =SUM(C32:N32) -> #REF! | R32: Ha Alap > AlapLimit => KTGC = 360 000
A33: GNAGY | B33: Kumulált_ber | E33: =C32+D32+E32 -> #REF! | H33: =F32+G32+H32 -> #REF! | K33: =I32+J32+K32 -> #REF! | N33: =L32+M32+N32 -> #REF! | Q33: Bonusz: | R33: Ha Alap > BonuszLimit és ELAD > MinTerv
A34: GNAGY | B34: Kumulált_ber_terv | E34: =$U27*3 -> 10000000 | H34: =$U27*3 -> 10000000 | K34: =$U27*3 -> 10000000 | N34: =$U27*3 -> 10000000 | R34: Ha Elad > TERV => Bonusz = 120 000
A35: GNAGY | B35: BerBon | E35: =IF(E33>E34,180000,IF(E33>E34*0.9,100000,IF(E33>E34*0.75,60000,0))) -> #REF! | H35: =IF(H33>H34,180000,IF(H33>H34*0.9,100000,IF(H33>H34*0.75,60000,0))) -> #REF! | K35: =IF(K33>K34,180000,IF(K33>K34*0.9,100000,IF(K33>K34*0.75,60000,0))) -> #REF! | N35: =IF(N33>N34,180000,IF(N33>N34*0.9,100000,IF(N33>N34*0.75,60000,0))) -> #REF! | Q35: BerBon: | R35: Ha 3 havi Ber min. 75%os => 60 000
A36: GNAGY | B36: KTGC_26 | C36: =C28+C30+C35 -> 480000 | D36: =D28+D30+D35 -> 360394.83 | E36: =E28+E30+E35 -> #REF! | F36: =F28+F30+F35 -> #REF! | G36: =G28+G30+G35 -> #REF! | H36: =H28+H30+H35 -> #REF! | I36: =I28+I30+I35 -> #REF! | J36: =J28+J30+J35 -> #REF! | ... N36: =N28+N30+N35 -> #REF! | O36: =SUM(C36:N36) -> #REF! | R36: 90%-os => 100 000; 100%-os => 180 000
A37: GNAGY | B37: JUT_26 | C37: 17677 | D37: 169529 | O37: =SUM(C37:N37) -> 187206
B38: SZUM | C38: =SUM(C36:C37) -> 497677 | D38: =SUM(D36:D37) -> 529923.83 | E38: =SUM(E36:E37) -> #REF! | F38: =SUM(F36:F37) -> #REF! | G38: =SUM(G36:G37) -> #REF! | H38: =SUM(H36:H37) -> #REF! | I38: =SUM(I36:I37) -> #REF! | J38: =SUM(J36:J37) -> #REF! | ... O38: =SUM(O36:O37) -> #REF!
B39: JUT_25 | C39: 2347326 | D39: 134797
C40: =C39+C38 -> 2845003 | D40: =D39+D38 -> 664720.83 | E40: =E39+E38 -> #REF! | F40: =F39+F38 -> #REF! | G40: =G39+G38 -> #REF! | H40: =H39+H38 -> #REF! | I40: =I39+I38 -> #REF! | J40: =J39+J38 -> #REF! | ... N40: =N39+N38 -> #REF!
A43: UZL | B43: ÜK | C43: Jan | D43: Febr | E43: Márc | F43: Ápr | G43: Máj | H43: Jún | I43: Júl | J43: Aug | K43: Szept | L43: Okt | M43: Nov | N43: Dec | O43: SZUM | T43: Alap | U43: Ber
Q44: 2025 | R44: havi alapterv*0,9 | S44: havi alapterv
A45: FMOLNÁR | B45: ELAD 26 | C45: =C52+C53 -> 6148546.4 | D45: =D52+D53 -> 8811086.9 | E45: =E52+E53 -> #REF! | F45: =F52+F53 -> #REF! | G45: =G52+G53 -> #REF! | H45: =H52+H53 -> #REF! | I45: =I52+I53 -> #REF! | J45: =J52+J53 -> #REF! | ... N45: =N52+N53 -> #REF! | O45: =SUM(C45:N45) -> #REF! | Q45: Min. Terv | R45: 360 LIMIT | S45: BonuszLimit | T45: AlapTerv | U45: Egyéb
A46: FMOLNÁR | B46: TERV 26 | C46: =$O46/12 -> 11666667 | D46: =$O46/12 -> 11666667 | E46: =$O46/12 -> 11666667 | F46: =$O46/12 -> 11666667 | G46: =$O46/12 -> 11666667 | H46: =$O46/12 -> 11666667 | I46: =$O46/12 -> 11666667 | J46: =$O46/12 -> 11666667 | ... N46: =$O46/12 -> 11666667 | O46: =T46+U46 -> 140000000 | Q46: =O46/12*0.9 -> 10500000 | R46: =T46/12*0.9 -> 6750000 | S46: =ROUNDUP(T46/12,-5) -> 7500000 | T46: 90000000 | U46: 50000000
A47: FMOLNÁR | O47: =T46+T48 -> 140000000 | T47: BerTerv | U47: Ber_hó
A48: FMOLNÁR | B48: TÉNY 26/TERV 26 | C48: =C45/C46 -> 0.52701826 | D48: =D45/D46 -> 0.75523602 | E48: =E45/E46 -> #REF! | F48: =F45/F46 -> #REF! | G48: =G45/G46 -> #REF! | H48: =H45/H46 -> #REF! | I48: =I45/I46 -> #REF! | J48: =J45/J46 -> #REF! | ... O48: =O45/O46 -> #REF! | T48: 50000000 | U48: =T48/12 -> 4166666.7
A49: FMOLNÁR | B49: KORRIGÁLT 26 | C49: =IF(C45=Z49,0,IF(C50<180000,IF(C52< 1500000, 100000,180000),IF(C52>$R46,360000,C50))) -> 194423.77 | D49: =IF(D45=AA49,0,IF(D50<180000,IF(D52< 1500000, 100000,180000),IF(D52>$R46,360000,D50))) -> 360000 | E49: =IF(E45=AB49,0,IF(E50<180000,IF(E52< 1500000, 100000,180000),IF(E52>$R46,360000,E50))) -> #REF! | F49: =IF(F45=AC49,0,IF(F50<180000,IF(F52< 1500000, 100000,180000),IF(F52>$R46,360000,F50))) -> #REF! | G49: =IF(G45=AD49,0,IF(G50<180000,IF(G52< 1500000, 100000,180000),IF(G52>$R46,360000,G50))) -> #REF! | H49: =IF(H45=AE49,0,IF(H50<180000,IF(H52< 1500000, 100000,180000),IF(H52>$R46,360000,H50))) -> #REF! | I49: =IF(I45=AF49,0,IF(I50<180000,IF(I52< 1500000, 100000,180000),IF(I52>$R46,360000,I50))) -> #REF! | J49: =IF(J45=AG49,0,IF(J50<180000,IF(J52< 1500000, 100000,180000),IF(J52>$R46,360000,J50))) -> #REF! | ... N49: =IF(N45=AK49,0,IF(N50<180000,IF(N52< 1500000, 100000,180000),IF(N52>$R46,360000,N50))) -> #REF! | O49: =SUM(C49:N49) -> #REF!
A50: FMOLNÁR | B50: 6 % TÉNY 26 | C50: =IF(C45*0.06*C48>300000,300000,IF(C52<1500000,100000,C45*0.06*C48)) -> 194423.77 | D50: =IF(D45*0.06*D48>300000,300000,IF(D52<1500000,100000,D45*0.06*D48)) -> 300000 | E50: =IF(E45*0.06*E48>300000,300000,IF(E52<1500000,100000,E45*0.06*E48)) -> #REF! | F50: =IF(F45*0.06*F48>300000,300000,IF(F52<1500000,100000,F45*0.06*F48)) -> #REF! | G50: =IF(G45*0.06*G48>300000,300000,IF(G52<1500000,100000,G45*0.06*G48)) -> #REF! | H50: =IF(H45*0.06*H48>300000,300000,IF(H52<1500000,100000,H45*0.06*H48)) -> #REF! | I50: =IF(I45*0.06*I48>300000,300000,IF(I52<1500000,100000,I45*0.06*I48)) -> #REF! | J50: =IF(J45*0.06*J48>300000,300000,IF(J52<1500000,100000,J45*0.06*J48)) -> #REF! | ... N50: =IF(N45*0.06*N48>300000,300000,IF(N52<1500000,100000,N45*0.06*N48)) -> #REF! | Q50: KTGC : | R50: ELAD * (TÉNY/TERV) * 0,06 (max 300 000)
A51: FMOLNÁR | B51: Bonusz_26 | C51: =IF(C52<$S46,0,IF(C45<$Q46,0,IF(C45>C46,120000,(C45-$Q46)/(C46-$Q46)*120000))) -> 0 | D51: =IF(D52<$S46,0,IF(D45<$Q46,0,IF(D45>D46,120000,(D45-$Q46)/(D46-$Q46)*120000))) -> 0 | E51: =IF(E52<$S46,0,IF(E45<$Q46,0,IF(E45>E46,120000,(E45-$Q46)/(E46-$Q46)*120000))) -> #REF! | F51: =IF(F52<$S46,0,IF(F45<$Q46,0,IF(F45>F46,120000,(F45-$Q46)/(F46-$Q46)*120000))) -> #REF! | G51: =IF(G52<$S46,0,IF(G45<$Q46,0,IF(G45>G46,120000,(G45-$Q46)/(G46-$Q46)*120000))) -> #REF! | H51: =IF(H52<$S46,0,IF(H45<$Q46,0,IF(H45>H46,120000,(H45-$Q46)/(H46-$Q46)*120000))) -> #REF! | I51: =IF(I52<$S46,0,IF(I45<$Q46,0,IF(I45>I46,120000,(I45-$Q46)/(I46-$Q46)*120000))) -> #REF! | J51: =IF(J52<$S46,0,IF(J45<$Q46,0,IF(J45>J46,120000,(J45-$Q46)/(J46-$Q46)*120000))) -> #REF! | ... N51: =IF(N52<$S46,0,IF(N45<$Q46,0,IF(N45>N46,120000,(N45-$Q46)/(N46-$Q46)*120000))) -> #REF! | O51: =SUM(C51:N51) -> #REF! | Q51: KorrigáltKTGC: | R51: Ha KTGC < 180 000 lenne de Alap !< 1 500 000 akkor KTGC 180 000
A52: FMOLNÁR | B52: Alap_26 | C52: =GETPIVOTDATA("SzumElad",'KTGC-hez'!$C$4,"Kelt_hó",1,"Termékfajta","Alap","ÜK","Molnár Ferenc") -> 6002720 | D52: =GETPIVOTDATA("SzumElad",'KTGC-hez'!$C$4,"Kelt_hó",2,"Termékfajta","Alap","ÜK","Molnár Ferenc") -> 6828932 | E52: =GETPIVOTDATA("SzumElad",'KTGC-hez'!$C$4,"Kelt_hó",3,"Termékfajta","Alap","ÜK","Molnár Ferenc") -> #REF! | F52: =GETPIVOTDATA("SzumElad",'KTGC-hez'!$C$4,"Kelt_hó",4,"Termékfajta","Alap","ÜK","Molnár Ferenc") -> #REF! | G52: =GETPIVOTDATA("SzumElad",'KTGC-hez'!$C$4,"Kelt_hó",5,"Termékfajta","Alap","ÜK","Molnár Ferenc") -> #REF! | H52: =GETPIVOTDATA("SzumElad",'KTGC-hez'!$C$4,"Kelt_hó",6,"Termékfajta","Alap","ÜK","Molnár Ferenc") -> #REF! | I52: =GETPIVOTDATA("SzumElad",'KTGC-hez'!$C$4,"Kelt_hó",7,"Termékfajta","Alap","ÜK","Molnár Ferenc") -> #REF! | J52: =GETPIVOTDATA("SzumElad",'KTGC-hez'!$C$4,"Kelt_hó",8,"Termékfajta","Alap","ÜK","Molnár Ferenc") -> #REF! | K52: =GETPIVOTDATA("SzumElad",'KTGC-hez'!$C$4,"Kelt_hó",9,"Termékfajta","Alap","ÜK","Molnár Ferenc") -> #REF! | L52: =GETPIVOTDATA("SzumElad",'KTGC-hez'!$C$4,"Kelt_hó",10,"Termékfajta","Alap","ÜK","Molnár Ferenc") -> #REF! | M52: =GETPIVOTDATA("SzumElad",'KTGC-hez'!$C$4,"Kelt_hó",11,"Termékfajta","Alap","ÜK","Molnár Ferenc") -> #REF! | N52: =GETPIVOTDATA("SzumElad",'KTGC-hez'!$C$4,"Kelt_hó",12,"Termékfajta","Alap","ÜK","Molnár Ferenc") -> #REF! | O52: =SUM(C52:N52) -> #REF! | R52: Ha Alap< 1 500 000 => KTGC = 100 000
A53: FMOLNÁR | B53: Ber_25 | C53: =GETPIVOTDATA("SzumElad",'KTGC-hez'!$C$4,"Kelt_hó",1,"Termékfajta","Beruházás","ÜK","Molnár Ferenc") -> 145826.36 | D53: =GETPIVOTDATA("SzumElad",'KTGC-hez'!$C$4,"Kelt_hó",2,"Termékfajta","Beruházás","ÜK","Molnár Ferenc") -> 1982154.9 | E53: =GETPIVOTDATA("SzumElad",'KTGC-hez'!$C$4,"Kelt_hó",3,"Termékfajta","Beruházás","ÜK","Molnár Ferenc") -> #REF! | F53: =GETPIVOTDATA("SzumElad",'KTGC-hez'!$C$4,"Kelt_hó",4,"Termékfajta","Beruházás","ÜK","Molnár Ferenc") -> #REF! | G53: =GETPIVOTDATA("SzumElad",'KTGC-hez'!$C$4,"Kelt_hó",5,"Termékfajta","Beruházás","ÜK","Molnár Ferenc") -> #REF! | H53: =GETPIVOTDATA("SzumElad",'KTGC-hez'!$C$4,"Kelt_hó",6,"Termékfajta","Beruházás","ÜK","Molnár Ferenc") -> #REF! | I53: =GETPIVOTDATA("SzumElad",'KTGC-hez'!$C$4,"Kelt_hó",7,"Termékfajta","Beruházás","ÜK","Molnár Ferenc") -> #REF! | J53: =GETPIVOTDATA("SzumElad",'KTGC-hez'!$C$4,"Kelt_hó",8,"Termékfajta","Beruházás","ÜK","Molnár Ferenc") -> #REF! | K53: =GETPIVOTDATA("SzumElad",'KTGC-hez'!$C$4,"Kelt_hó",9,"Termékfajta","Beruházás","ÜK","Molnár Ferenc") -> #REF! | L53: =GETPIVOTDATA("SzumElad",'KTGC-hez'!$C$4,"Kelt_hó",10,"Termékfajta","Beruházás","ÜK","Molnár Ferenc") -> #REF! | M53: =GETPIVOTDATA("SzumElad",'KTGC-hez'!$C$4,"Kelt_hó",11,"Termékfajta","Beruházás","ÜK","Molnár Ferenc") -> #REF! | N53: =GETPIVOTDATA("SzumElad",'KTGC-hez'!$C$4,"Kelt_hó",12,"Termékfajta","Beruházás","ÜK","Molnár Ferenc") -> #REF! | O53: =SUM(C53:N53) -> #REF! | R53: Ha Alap > AlapLimit => KTGC = 360 000
A54: FMOLNÁR | B54: Kumulált_ber | E54: =C53+D53+E53 -> #REF! | H54: =F53+G53+H53 -> #REF! | K54: =I53+J53+K53 -> #REF! | N54: =L53+M53+N53 -> #REF! | Q54: Bonusz: | R54: Ha Alap > BonuszLimit és ELAD > MinTerv
A55: FMOLNÁR | B55: Kumulált_ber_terv | E55: =$U48*3 -> 12500000 | H55: =$U48*3 -> 12500000 | K55: =$U48*3 -> 12500000 | N55: =$U48*3 -> 12500000 | R55: Ha Elad > TERV => Bonusz = 120 000
A56: FMOLNÁR | B56: BerBon | E56: =IF(E54>E55,180000,IF(E54>E55*0.9,100000,IF(E54>E55*0.75,60000,0))) -> #REF! | H56: =IF(H54>H55,180000,IF(H54>H55*0.9,100000,IF(H54>H55*0.75,60000,0))) -> #REF! | K56: =IF(K54>K55,180000,IF(K54>K55*0.9,100000,IF(K54>K55*0.75,60000,0))) -> #REF! | N56: =IF(N54>N55,180000,IF(N54>N55*0.9,100000,IF(N54>N55*0.75,60000,0))) -> #REF! | Q56: BerBon: | R56: Ha 3 havi Ber min. 75%os => 60 000
A57: FMOLNÁR | B57: KTGC_26 | C57: =C49+C51+C56 -> 194423.77 | D57: =D49+D51+D56 -> 360000 | E57: =E49+E51+E56 -> #REF! | F57: =F49+F51+F56 -> #REF! | G57: =G49+G51+G56 -> #REF! | H57: =H49+H51+H56 -> #REF! | I57: =I49+I51+I56 -> #REF! | J57: =J49+J51+J56 -> #REF! | ... N57: =N49+N51+N56 -> #REF! | O57: =SUM(C57:N57) -> #REF! | R57: 90%-os => 100 000; 100%-os => 180 000
A58: FMOLNÁR | B58: JUT_26 | C58: 83629 | D58: 280230 | O58: =SUM(C58:N58) -> 363859
B59: SZUM | C59: =SUM(C57:C58) -> 278052.77 | D59: =SUM(D57:D58) -> 640230 | E59: =SUM(E57:E58) -> #REF! | F59: =SUM(F57:F58) -> #REF! | G59: =SUM(G57:G58) -> #REF! | H59: =SUM(H57:H58) -> #REF! | I59: =SUM(I57:I58) -> #REF! | J59: =SUM(J57:J58) -> #REF! | ... O59: =SUM(O57:O58) -> #REF!
B60: JUT_25 | C60: 546665 | D60: 2040 | O60: =O58+C60+D60+E60 -> 912564
C61: =C60+C59 -> 824717.77 | D61: =D60+D59 -> 642270 | E61: =E60+E59 -> #REF! | F61: =F60+F59 -> #REF! | G61: =G60+G59 -> #REF! | H61: =H60+H59 -> #REF! | I61: =I60+I59 -> #REF! | J61: =J60+J59 -> #REF! | ... N61: =N60+N59 -> #REF!
A63: UZL | B63: ÜK | C63: Jan | D63: Febr | E63: Márc | F63: Ápr | G63: Máj | H63: Jún | I63: Júl | J63: Aug | K63: Szept | L63: Okt | M63: Nov | N63: Dec | O63: SZUM | T63: Alap | U63: Ber
Q64: 2025 | R64: havi alapterv*0,9 | S64: havi alapterv
A65: Horváth | B65: ELAD 26 | C65: =C72+C73 -> 4216604 | D65: =D72+D73 -> 3512887 | E65: =E72+E73 -> #REF! | F65: =F72+F73 -> #REF! | G65: =G72+G73 -> #REF! | H65: =H72+H73 -> #REF! | I65: =I72+I73 -> #REF! | J65: =J72+J73 -> #REF! | ... N65: =N72+N73 -> #REF! | O65: =SUM(C65:N65) -> #REF! | Q65: Min. Terv | R65: 360 LIMIT | S65: BonuszLimit | T65: AlapTerv | U65: Egyéb
A66: Horváth | B66: TERV 26 | C66: =$O66/12 -> 8083333.3 | D66: =$O66/12 -> 8083333.3 | E66: =$O66/12 -> 8083333.3 | F66: =$O66/12 -> 8083333.3 | G66: =$O66/12 -> 8083333.3 | H66: =$O66/12 -> 8083333.3 | I66: =$O66/12 -> 8083333.3 | J66: =$O66/12 -> 8083333.3 | ... N66: =$O66/12 -> 8083333.3 | O66: =T66+U66 -> 97000000 | Q66: =O66/12*0.9 -> 7275000 | R66: =T66/12*0.9 -> 4650000 | S66: =ROUNDUP(T66/12,-5) -> 5200000 | T66: 62000000 | U66: 35000000
A67: Horváth | O67: =T66+T68 -> 97000000 | T67: BerTerv | U67: Ber_hó
A68: Horváth | B68: TÉNY 26/TERV 26 | C68: =C65/C66 -> 0.52164173 | D68: =D65/D66 -> 0.43458396 | E68: =E65/E66 -> #REF! | F68: =F65/F66 -> #REF! | G68: =G65/G66 -> #REF! | H68: =H65/H66 -> #REF! | I68: =I65/I66 -> #REF! | J68: =J65/J66 -> #REF! | ... O68: =O65/O66 -> #REF! | T68: 35000000 | U68: =T68/12 -> 2916666.7
A69: Horváth | B69: KORRIGÁLT 26 | C69: =IF(C65=Z69,0,IF(C70<180000,IF(C72< 1500000, 100000,180000),IF(C72>$R66,360000,C70))) -> 180000 | D69: =IF(D65=AA69,0,IF(D70<180000,IF(D72< 1500000, 100000,180000),IF(D72>$R66,360000,D70))) -> 180000 | E69: =IF(E65=AB69,0,IF(E70<180000,IF(E72< 1500000, 100000,180000),IF(E72>$R66,360000,E70))) -> #REF! | F69: =IF(F65=AC69,0,IF(F70<180000,IF(F72< 1500000, 100000,180000),IF(F72>$R66,360000,F70))) -> #REF! | G69: =IF(G65=AD69,0,IF(G70<180000,IF(G72< 1500000, 100000,180000),IF(G72>$R66,360000,G70))) -> #REF! | H69: =IF(H65=AE69,0,IF(H70<180000,IF(H72< 1500000, 100000,180000),IF(H72>$R66,360000,H70))) -> #REF! | I69: =IF(I65=AF69,0,IF(I70<180000,IF(I72< 1500000, 100000,180000),IF(I72>$R66,360000,I70))) -> #REF! | J69: =IF(J65=AG69,0,IF(J70<180000,IF(J72< 1500000, 100000,180000),IF(J72>$R66,360000,J70))) -> #REF! | ... N69: =IF(N65=AK69,0,IF(N70<180000,IF(N72< 1500000, 100000,180000),IF(N72>$R66,360000,N70))) -> #REF! | O69: =SUM(C69:N69) -> #REF!
A70: Horváth | B70: 6 % TÉNY 26 | C70: =IF(C65*0.06*C68>300000,300000,IF(C72<1500000,100000,C65*0.06*C68)) -> 131973.4 | D70: =IF(D65*0.06*D68>300000,300000,IF(D72<1500000,100000,D65*0.06*D68)) -> 91598.66 | E70: =IF(E65*0.06*E68>300000,300000,IF(E72<1500000,100000,E65*0.06*E68)) -> #REF! | F70: =IF(F65*0.06*F68>300000,300000,IF(F72<1500000,100000,F65*0.06*F68)) -> #REF! | G70: =IF(G65*0.06*G68>300000,300000,IF(G72<1500000,100000,G65*0.06*G68)) -> #REF! | H70: =IF(H65*0.06*H68>300000,300000,IF(H72<1500000,100000,H65*0.06*H68)) -> #REF! | I70: =IF(I65*0.06*I68>300000,300000,IF(I72<1500000,100000,I65*0.06*I68)) -> #REF! | J70: =IF(J65*0.06*J68>300000,300000,IF(J72<1500000,100000,J65*0.06*J68)) -> #REF! | ... N70: =IF(N65*0.06*N68>300000,300000,IF(N72<1500000,100000,N65*0.06*N68)) -> #REF! | Q70: KTGC : | R70: ELAD * (TÉNY/TERV) * 0,06 (max 300 000)
A71: Horváth | B71: Bonusz_26 | C71: =IF(C72<$S66,0,IF(C65<$Q66,0,IF(C65>C66,120000,(C65-$Q66)/(C66-$Q66)*120000))) -> 0 | D71: =IF(D72<$S66,0,IF(D65<$Q66,0,IF(D65>D66,120000,(D65-$Q66)/(D66-$Q66)*120000))) -> 0 | E71: =IF(E72<$S66,0,IF(E65<$Q66,0,IF(E65>E66,120000,(E65-$Q66)/(E66-$Q66)*120000))) -> #REF! | F71: =IF(F72<$S66,0,IF(F65<$Q66,0,IF(F65>F66,120000,(F65-$Q66)/(F66-$Q66)*120000))) -> #REF! | G71: =IF(G72<$S66,0,IF(G65<$Q66,0,IF(G65>G66,120000,(G65-$Q66)/(G66-$Q66)*120000))) -> #REF! | H71: =IF(H72<$S66,0,IF(H65<$Q66,0,IF(H65>H66,120000,(H65-$Q66)/(H66-$Q66)*120000))) -> #REF! | I71: =IF(I72<$S66,0,IF(I65<$Q66,0,IF(I65>I66,120000,(I65-$Q66)/(I66-$Q66)*120000))) -> #REF! | J71: =IF(J72<$S66,0,IF(J65<$Q66,0,IF(J65>J66,120000,(J65-$Q66)/(J66-$Q66)*120000))) -> #REF! | ... N71: =IF(N72<$S66,0,IF(N65<$Q66,0,IF(N65>N66,120000,(N65-$Q66)/(N66-$Q66)*120000))) -> #REF! | O71: =SUM(C71:N71) -> #REF! | Q71: KorrigáltKTGC: | R71: Ha KTGC < 180 000 lenne de Alap !< 1 500 000 akkor KTGC 180 000
A72: Horváth | B72: Alap_26 | C72: =GETPIVOTDATA("SzumElad",'KTGC-hez'!$C$4,"Kelt_hó",1,"Termékfajta","Alap","ÜK","Horváth István") -> 2458854 | D72: =GETPIVOTDATA("SzumElad",'KTGC-hez'!$C$4,"Kelt_hó",2,"Termékfajta","Alap","ÜK","Horváth István") -> 3512887 | E72: =GETPIVOTDATA("SzumElad",'KTGC-hez'!$C$4,"Kelt_hó",3,"Termékfajta","Alap","ÜK","Horváth István") -> #REF! | F72: =GETPIVOTDATA("SzumElad",'KTGC-hez'!$C$4,"Kelt_hó",4,"Termékfajta","Alap","ÜK","Horváth István") -> #REF! | G72: =GETPIVOTDATA("SzumElad",'KTGC-hez'!$C$4,"Kelt_hó",5,"Termékfajta","Alap","ÜK","Horváth István") -> #REF! | H72: =GETPIVOTDATA("SzumElad",'KTGC-hez'!$C$4,"Kelt_hó",6,"Termékfajta","Alap","ÜK","Horváth István") -> #REF! | I72: =GETPIVOTDATA("SzumElad",'KTGC-hez'!$C$4,"Kelt_hó",7,"Termékfajta","Alap","ÜK","Horváth István") -> #REF! | J72: =GETPIVOTDATA("SzumElad",'KTGC-hez'!$C$4,"Kelt_hó",8,"Termékfajta","Alap","ÜK","Horváth István") -> #REF! | K72: =GETPIVOTDATA("SzumElad",'KTGC-hez'!$C$4,"Kelt_hó",9,"Termékfajta","Alap","ÜK","Horváth István") -> #REF! | L72: =GETPIVOTDATA("SzumElad",'KTGC-hez'!$C$4,"Kelt_hó",10,"Termékfajta","Alap","ÜK","Horváth István") -> #REF! | M72: =GETPIVOTDATA("SzumElad",'KTGC-hez'!$C$4,"Kelt_hó",11,"Termékfajta","Alap","ÜK","Horváth István") -> #REF! | N72: =GETPIVOTDATA("SzumElad",'KTGC-hez'!$C$4,"Kelt_hó",12,"Termékfajta","Alap","ÜK","Horváth István") -> #REF! | O72: =SUM(C72:N72) -> #REF! | R72: Ha Alap< 1 500 000 => KTGC = 100 000
A73: Horváth | B73: Ber_25 | C73: =GETPIVOTDATA("SzumElad",'KTGC-hez'!$C$4,"Kelt_hó",1,"Termékfajta","Beruházás","ÜK","Horváth István") -> 1757750 | D73: =GETPIVOTDATA("SzumElad",'KTGC-hez'!$C$4,"Kelt_hó",2,"Termékfajta","Beruházás","ÜK","Horváth István") -> 0 | E73: =GETPIVOTDATA("SzumElad",'KTGC-hez'!$C$4,"Kelt_hó",3,"Termékfajta","Beruházás","ÜK","Horváth István") -> #REF! | F73: =GETPIVOTDATA("SzumElad",'KTGC-hez'!$C$4,"Kelt_hó",4,"Termékfajta","Beruházás","ÜK","Horváth István") -> #REF! | G73: =GETPIVOTDATA("SzumElad",'KTGC-hez'!$C$4,"Kelt_hó",5,"Termékfajta","Beruházás","ÜK","Horváth István") -> #REF! | H73: =GETPIVOTDATA("SzumElad",'KTGC-hez'!$C$4,"Kelt_hó",6,"Termékfajta","Beruházás","ÜK","Horváth István") -> #REF! | I73: =GETPIVOTDATA("SzumElad",'KTGC-hez'!$C$4,"Kelt_hó",7,"Termékfajta","Beruházás","ÜK","Horváth István") -> #REF! | J73: =GETPIVOTDATA("SzumElad",'KTGC-hez'!$C$4,"Kelt_hó",8,"Termékfajta","Beruházás","ÜK","Horváth István") -> #REF! | K73: =GETPIVOTDATA("SzumElad",'KTGC-hez'!$C$4,"Kelt_hó",9,"Termékfajta","Beruházás","ÜK","Horváth István") -> #REF! | L73: =GETPIVOTDATA("SzumElad",'KTGC-hez'!$C$4,"Kelt_hó",10,"Termékfajta","Beruházás","ÜK","Horváth István") -> #REF! | M73: =GETPIVOTDATA("SzumElad",'KTGC-hez'!$C$4,"Kelt_hó",11,"Termékfajta","Beruházás","ÜK","Horváth István") -> #REF! | N73: =GETPIVOTDATA("SzumElad",'KTGC-hez'!$C$4,"Kelt_hó",12,"Termékfajta","Beruházás","ÜK","Horváth István") -> #REF! | O73: =SUM(C73:N73) -> #REF! | R73: Ha Alap > AlapLimit => KTGC = 360 000
A74: Horváth | B74: Kumulált_ber | E74: =C73+D73+E73 -> #REF! | H74: =F73+G73+H73 -> #REF! | K74: =I73+J73+K73 -> #REF! | N74: =L73+M73+N73 -> #REF! | Q74: Bonusz: | R74: Ha Alap > BonuszLimit és ELAD > MinTerv
A75: Horváth | B75: Kumulált_ber_terv | E75: =$U68*3 -> 8750000 | H75: =$U68*3 -> 8750000 | K75: =$U68*3 -> 8750000 | N75: =$U68*3 -> 8750000 | R75: Ha Elad > TERV => Bonusz = 120 000
A76: Horváth | B76: BerBon | E76: =IF(E74>E75,180000,IF(E74>E75*0.9,100000,IF(E74>E75*0.75,60000,0))) -> #REF! | H76: =IF(H74>H75,180000,IF(H74>H75*0.9,100000,IF(H74>H75*0.75,60000,0))) -> #REF! | K76: =IF(K74>K75,180000,IF(K74>K75*0.9,100000,IF(K74>K75*0.75,60000,0))) -> #REF! | N76: =IF(N74>N75,180000,IF(N74>N75*0.9,100000,IF(N74>N75*0.75,60000,0))) -> #REF! | Q76: BerBon: | R76: Ha 3 havi Ber min. 75%os => 60 000
A77: Horváth | B77: KTGC_26 | C77: =C69+C71+C76 -> 180000 | D77: =D69+D71+D76 -> 180000 | E77: =E69+E71+E76 -> #REF! | F77: =F69+F71+F76 -> #REF! | G77: =G69+G71+G76 -> #REF! | H77: =H69+H71+H76 -> #REF! | I77: =I69+I71+I76 -> #REF! | J77: =J69+J71+J76 -> #REF! | ... N77: =N69+N71+N76 -> #REF! | O77: =SUM(C77:N77) -> #REF! | R77: 90%-os => 100 000; 100%-os => 180 000
A78: Horváth | B78: JUT_26 | C78: 884 | D78: 156756 | O78: =SUM(C78:N78) -> 157640
B79: SZUM | C79: =SUM(C77:C78) -> 180884 | D79: =SUM(D77:D78) -> 336756 | E79: =SUM(E77:E78) -> #REF! | F79: =SUM(F77:F78) -> #REF! | G79: =SUM(G77:G78) -> #REF! | H79: =SUM(H77:H78) -> #REF! | I79: =SUM(I77:I78) -> #REF! | J79: =SUM(J77:J78) -> #REF! | ... O79: =SUM(O77:O78) -> #REF!
B80: JUT_25 | C80: 181036 | D80: 386859
C81: =C80+C79 -> 361920 | D81: =D80+D79 -> 723615 | E81: =E80+E79 -> #REF! | F81: =F80+F79 -> #REF! | G81: =G80+G79 -> #REF! | H81: =H80+H79 -> #REF! | I81: =I80+I79 -> #REF! | J81: =J80+J79 -> #REF! | ... N81: =N80+N79 -> #REF!
A84: UZL | B84: ÜK | C84: Jan | D84: Febr | E84: Márc | F84: Ápr | G84: Máj | H84: Jún | I84: Júl | J84: Aug | K84: Szept | L84: Okt | M84: Nov | N84: Dec | O84: SZUM | T84: Alap | U84: Ber
Q85: 2025 | R85: havi alapterv*0,9 | S85: tavalyi alap/12
A86: HaliSlovakia | B86: ELAD 26 | C86: =C93+C94 -> 8198121 | D86: =D93+D94 -> 6234648 | E86: =E93+E94 -> #REF! | F86: =F93+F94 -> #REF! | G86: =G93+G94 -> #REF! | H86: =H93+H94 -> #REF! | I86: =I93+I94 -> #REF! | J86: =J93+J94 -> #REF! | ... N86: =N93+N94 -> #REF! | O86: =SUM(C86:N86) -> #REF! | Q86: Min. Terv | R86: 360 LIMIT | S86: BonuszLimit | T86: AlapTerv | U86: Egyéb
A87: HaliSlovakia | B87: TERV 26 | C87: =$O87/12 -> 8750000 | D87: =$O87/12 -> 8750000 | E87: =$O87/12 -> 8750000 | F87: =$O87/12 -> 8750000 | G87: =$O87/12 -> 8750000 | H87: =$O87/12 -> 8750000 | I87: =$O87/12 -> 8750000 | J87: =$O87/12 -> 8750000 | ... N87: =$O87/12 -> 8750000 | O87: =T87+U87 -> 105000000 | Q87: =O87/12*0.9 -> 7875000 | R87: 5000000 | S87: 6000000 | T87: 65000000 | U87: 40000000
A88: HaliSlovakia | O88: =T87+T89 -> 105000000 | T88: BerTerv | U88: Ber_hó
A89: HaliSlovakia | B89: TÉNY 26/TERV 26 | C89: =C86/C87 -> 0.93692811 | D89: =D86/D87 -> 0.7125312 | E89: =E86/E87 -> #REF! | F89: =F86/F87 -> #REF! | G89: =G86/G87 -> #REF! | H89: =H86/H87 -> #REF! | I89: =I86/I87 -> #REF! | J89: =J86/J87 -> #REF! | ... O89: =O86/O87 -> #REF! | T89: 40000000 | U89: =T89/12 -> 3333333.3
A90: HaliSlovakia | B90: KORRIGÁLT 26 | C90: =IF(C86=Z90,0,IF(C91<180000,IF(C93< 1500000, 100000,180000),IF(C93>$R87,360000,C91))) -> 360000 | D90: =IF(D86=AA90,0,IF(D91<180000,IF(D93< 1500000, 100000,180000),IF(D93>$R87,360000,D91))) -> 360000 | E90: =IF(E86=AB90,0,IF(E91<180000,IF(E93< 1500000, 100000,180000),IF(E93>$R87,360000,E91))) -> #REF! | F90: =IF(F86=AC90,0,IF(F91<180000,IF(F93< 1500000, 100000,180000),IF(F93>$R87,360000,F91))) -> #REF! | G90: =IF(G86=AD90,0,IF(G91<180000,IF(G93< 1500000, 100000,180000),IF(G93>$R87,360000,G91))) -> #REF! | H90: =IF(H86=AE90,0,IF(H91<180000,IF(H93< 1500000, 100000,180000),IF(H93>$R87,360000,H91))) -> #REF! | I90: =IF(I86=AF90,0,IF(I91<180000,IF(I93< 1500000, 100000,180000),IF(I93>$R87,360000,I91))) -> #REF! | J90: =IF(J86=AG90,0,IF(J91<180000,IF(J93< 1500000, 100000,180000),IF(J93>$R87,360000,J91))) -> #REF! | ... N90: =IF(N86=AK90,0,IF(N91<180000,IF(N93< 1500000, 100000,180000),IF(N93>$R87,360000,N91))) -> #REF! | O90: =SUM(C90:N90) -> #REF!
A91: HaliSlovakia | B91: 6 % TÉNY 26 | C91: =IF(C86*0.06*C89>300000,300000,IF(C93<1500000,100000,C86*0.06*C89)) -> 300000 | D91: =IF(D86*0.06*D89>300000,300000,IF(D93<1500000,100000,D86*0.06*D89)) -> 266542.87 | E91: =IF(E86*0.06*E89>300000,300000,IF(E93<1500000,100000,E86*0.06*E89)) -> #REF! | F91: =IF(F86*0.06*F89>300000,300000,IF(F93<1500000,100000,F86*0.06*F89)) -> #REF! | G91: =IF(G86*0.06*G89>300000,300000,IF(G93<1500000,100000,G86*0.06*G89)) -> #REF! | H91: =IF(H86*0.06*H89>300000,300000,IF(H93<1500000,100000,H86*0.06*H89)) -> #REF! | I91: =IF(I86*0.06*I89>300000,300000,IF(I93<1500000,100000,I86*0.06*I89)) -> #REF! | J91: =IF(J86*0.06*J89>300000,300000,IF(J93<1500000,100000,J86*0.06*J89)) -> #REF! | ... N91: =IF(N86*0.06*N89>300000,300000,IF(N93<1500000,100000,N86*0.06*N89)) -> #REF! | Q91: KTGC : | R91: ELAD * (TÉNY/TERV) * 0,06 (max 300 000)
A92: HaliSlovakia | B92: Bonusz_26 | C92: =IF(C93<$S87,0,IF(C86<$Q87,0,IF(C86>C87,120000,(C86-$Q87)/(C87-$Q87)*120000))) -> 44313.737 | D92: =IF(D93<$S87,0,IF(D86<$Q87,0,IF(D86>D87,120000,(D86-$Q87)/(D87-$Q87)*120000))) -> 0 | E92: =IF(E93<$S87,0,IF(E86<$Q87,0,IF(E86>E87,120000,(E86-$Q87)/(E87-$Q87)*120000))) -> #REF! | F92: =IF(F93<$S87,0,IF(F86<$Q87,0,IF(F86>F87,120000,(F86-$Q87)/(F87-$Q87)*120000))) -> #REF! | G92: =IF(G93<$S87,0,IF(G86<$Q87,0,IF(G86>G87,120000,(G86-$Q87)/(G87-$Q87)*120000))) -> #REF! | H92: =IF(H93<$S87,0,IF(H86<$Q87,0,IF(H86>H87,120000,(H86-$Q87)/(H87-$Q87)*120000))) -> #REF! | I92: =IF(I93<$S87,0,IF(I86<$Q87,0,IF(I86>I87,120000,(I86-$Q87)/(I87-$Q87)*120000))) -> #REF! | J92: =IF(J93<$S87,0,IF(J86<$Q87,0,IF(J86>J87,120000,(J86-$Q87)/(J87-$Q87)*120000))) -> #REF! | ... N92: =IF(N93<$S87,0,IF(N86<$Q87,0,IF(N86>N87,120000,(N86-$Q87)/(N87-$Q87)*120000))) -> #REF! | O92: =SUM(C92:N92) -> #REF! | Q92: KorrigáltKTGC: | R92: Ha KTGC < 180 000 lenne de Alap !< 1 500 000 akkor KTGC 180 000
A93: HaliSlovakia | B93: Alap_26 | C93: =GETPIVOTDATA("SzumElad",'KTGC-hez'!$C$4,"Kelt_hó",1,"Termékfajta","Alap","ÜK","Halász Miklós") -> 7830321 | D93: =GETPIVOTDATA("SzumElad",'KTGC-hez'!$C$4,"Kelt_hó",2,"Termékfajta","Alap","ÜK","Halász Miklós") -> 6234648 | E93: =GETPIVOTDATA("SzumElad",'KTGC-hez'!$C$4,"Kelt_hó",3,"Termékfajta","Alap","ÜK","Halász Miklós") -> #REF! | F93: =GETPIVOTDATA("SzumElad",'KTGC-hez'!$C$4,"Kelt_hó",4,"Termékfajta","Alap","ÜK","Halász Miklós") -> #REF! | G93: =GETPIVOTDATA("SzumElad",'KTGC-hez'!$C$4,"Kelt_hó",5,"Termékfajta","Alap","ÜK","Halász Miklós") -> #REF! | H93: =GETPIVOTDATA("SzumElad",'KTGC-hez'!$C$4,"Kelt_hó",6,"Termékfajta","Alap","ÜK","Halász Miklós") -> #REF! | I93: =GETPIVOTDATA("SzumElad",'KTGC-hez'!$C$4,"Kelt_hó",7,"Termékfajta","Alap","ÜK","Halász Miklós") -> #REF! | J93: =GETPIVOTDATA("SzumElad",'KTGC-hez'!$C$4,"Kelt_hó",8,"Termékfajta","Alap","ÜK","Halász Miklós") -> #REF! | K93: =GETPIVOTDATA("SzumElad",'KTGC-hez'!$C$4,"Kelt_hó",9,"Termékfajta","Alap","ÜK","Halász Miklós") -> #REF! | L93: =GETPIVOTDATA("SzumElad",'KTGC-hez'!$C$4,"Kelt_hó",10,"Termékfajta","Alap","ÜK","Halász Miklós") -> #REF! | M93: =GETPIVOTDATA("SzumElad",'KTGC-hez'!$C$4,"Kelt_hó",11,"Termékfajta","Alap","ÜK","Halász Miklós") -> #REF! | N93: =GETPIVOTDATA("SzumElad",'KTGC-hez'!$C$4,"Kelt_hó",12,"Termékfajta","Alap","ÜK","Halász Miklós") -> #REF! | O93: =SUM(C93:N93) -> #REF! | R93: Ha Alap< 1 500 000 => KTGC = 100 000
A94: HaliSlovakia | B94: Ber_25 | C94: =IF(ISERROR(GETPIVOTDATA("SzumElad",'KTGC-hez'!$C$4,"Kelt_hó",1,"Termékfajta","Beruházás","ÜK","Halász Miklós")),0,GETPIVOTDATA("SzumElad",'KTGC-hez'!$C$4,"Kelt_hó",1,"Termékfajta","Beruházás","ÜK","Halász Miklós")) -> 367800 | D94: =IF(ISERROR(GETPIVOTDATA("SzumElad",'KTGC-hez'!$C$4,"Kelt_hó",2,"Termékfajta","Beruházás","ÜK","Halász Miklós")),0,GETPIVOTDATA("SzumElad",'KTGC-hez'!$C$4,"Kelt_hó",2,"Termékfajta","Beruházás","ÜK","Halász Miklós")) -> 0 | E94: =IF(ISERROR(GETPIVOTDATA("SzumElad",'KTGC-hez'!$C$4,"Kelt_hó",3,"Termékfajta","Beruházás","ÜK","Halász Miklós")),0,GETPIVOTDATA("SzumElad",'KTGC-hez'!$C$4,"Kelt_hó",2,"Termékfajta","Beruházás","ÜK","Halász Miklós")) -> 0 | F94: =IF(ISERROR(GETPIVOTDATA("SzumElad",'KTGC-hez'!$C$4,"Kelt_hó",4,"Termékfajta","Beruházás","ÜK","Halász Miklós")),0,GETPIVOTDATA("SzumElad",'KTGC-hez'!$C$4,"Kelt_hó",4,"Termékfajta","Beruházás","ÜK","Halász Miklós")) -> 0 | G94: =IF(ISERROR(GETPIVOTDATA("SzumElad",'KTGC-hez'!$C$4,"Kelt_hó",5,"Termékfajta","Beruházás","ÜK","Halász Miklós")),0,GETPIVOTDATA("SzumElad",'KTGC-hez'!$C$4,"Kelt_hó",5,"Termékfajta","Beruházás","ÜK","Halász Miklós")) -> 0 | H94: =IF(ISERROR(GETPIVOTDATA("SzumElad",'KTGC-hez'!$C$4,"Kelt_hó",6,"Termékfajta","Beruházás","ÜK","Halász Miklós")),0,GETPIVOTDATA("SzumElad",'KTGC-hez'!$C$4,"Kelt_hó",6,"Termékfajta","Beruházás","ÜK","Halász Miklós")) -> 0 | I94: =IF(ISERROR(GETPIVOTDATA("SzumElad",'KTGC-hez'!$C$4,"Kelt_hó",7,"Termékfajta","Beruházás","ÜK","Halász Miklós")),0,GETPIVOTDATA("SzumElad",'KTGC-hez'!$C$4,"Kelt_hó",7,"Termékfajta","Beruházás","ÜK","Halász Miklós")) -> 0 | J94: =IF(ISERROR(GETPIVOTDATA("SzumElad",'KTGC-hez'!$C$4,"Kelt_hó",8,"Termékfajta","Beruházás","ÜK","Halász Miklós")),0,GETPIVOTDATA("SzumElad",'KTGC-hez'!$C$4,"Kelt_hó",8,"Termékfajta","Beruházás","ÜK","Halász Miklós")) -> 0 | K94: =IF(ISERROR(GETPIVOTDATA("SzumElad",'KTGC-hez'!$C$4,"Kelt_hó",9,"Termékfajta","Beruházás","ÜK","Halász Miklós")),0,GETPIVOTDATA("SzumElad",'KTGC-hez'!$C$4,"Kelt_hó",9,"Termékfajta","Beruházás","ÜK","Halász Miklós")) -> 0 | L94: =IF(ISERROR(GETPIVOTDATA("SzumElad",'KTGC-hez'!$C$4,"Kelt_hó",10,"Termékfajta","Beruházás","ÜK","Halász Miklós")),0,GETPIVOTDATA("SzumElad",'KTGC-hez'!$C$4,"Kelt_hó",10,"Termékfajta","Beruházás","ÜK","Halász Miklós")) -> 0 | M94: =IF(ISERROR(GETPIVOTDATA("SzumElad",'KTGC-hez'!$C$4,"Kelt_hó",11,"Termékfajta","Beruházás","ÜK","Halász Miklós")),0,GETPIVOTDATA("SzumElad",'KTGC-hez'!$C$4,"Kelt_hó",10,"Termékfajta","Beruházás","ÜK","Halász Miklós")) -> 0 | N94: =IF(ISERROR(GETPIVOTDATA("SzumElad",'KTGC-hez'!$C$4,"Kelt_hó",12,"Termékfajta","Beruházás","ÜK","Halász Miklós")),0,GETPIVOTDATA("SzumElad",'KTGC-hez'!$C$4,"Kelt_hó",12,"Termékfajta","Beruházás","ÜK","Halász Miklós")) -> 0 | O94: =SUM(C94:N94) -> 367800 | R94: Ha Alap > AlapLimit => KTGC = 360 000
A95: HaliSlovakia | B95: Kumulált_ber | E95: =C94+D94+E94 -> 367800 | H95: =F94+G94+H94 -> 0 | K95: =I94+J94+K94 -> 0 | N95: =L94+M94+N94 -> 0 | Q95: Bonusz: | R95: Ha Alap > BonuszLimit és ELAD > MinTerv
A96: HaliSlovakia | B96: Kumulált_ber_terv | E96: =$U89*3 -> 10000000 | H96: =$U89*3 -> 10000000 | K96: =$U89*3 -> 10000000 | N96: =$U89*3 -> 10000000 | R96: Ha Elad > TERV => Bonusz = 120 000
A97: HaliSlovakia | B97: BerBon | E97: =IF(E95>E96,180000,IF(E95>E96*0.9,100000,IF(E95>E96*0.75,60000,0))) -> 0 | H97: =IF(H95>H96,180000,IF(H95>H96*0.9,100000,IF(H95>H96*0.75,60000,0))) -> 0 | K97: =IF(K95>K96,180000,IF(K95>K96*0.9,100000,IF(K95>K96*0.75,60000,0))) -> 0 | N97: =IF(N95>N96,180000,IF(N95>N96*0.9,100000,IF(N95>N96*0.75,60000,0))) -> 0 | Q97: BerBon: | R97: Ha 3 havi Ber min. 75%os => 60 000
A98: HaliSlovakia | B98: KTGC_26 | C98: =C90+C92+C97 -> 404313.74 | D98: =D90+D92+D97 -> 360000 | E98: =E90+E92+E97 -> #REF! | F98: =F90+F92+F97 -> #REF! | G98: =G90+G92+G97 -> #REF! | H98: =H90+H92+H97 -> #REF! | I98: =I90+I92+I97 -> #REF! | J98: =J90+J92+J97 -> #REF! | ... N98: =N90+N92+N97 -> #REF! | O98: =SUM(C98:N98) -> #REF! | R98: 90%-os => 100 000; 100%-os => 180 000
A99: HaliSlovakia | B99: JUT_26 | C99: 28765 | D99: 460486 | O99: =SUM(C99:N99) -> 489251
B100: SZUM | C100: =SUM(C98:C99) -> 433078.74 | D100: =SUM(D98:D99) -> 820486 | E100: =SUM(E98:E99) -> #REF! | F100: =SUM(F98:F99) -> #REF! | G100: =SUM(G98:G99) -> #REF! | H100: =SUM(H98:H99) -> #REF! | I100: =SUM(I98:I99) -> #REF! | J100: =SUM(J98:J99) -> #REF! | ... O100: =SUM(O98:O99) -> #REF!
B101: JUT_25 | C101: 354984 | D101: 345742
C102: =C101+C100 -> 788062.74 | D102: =D101+D100 -> 1166228 | E102: =E101+E100 -> #REF! | F102: =F101+F100 -> #REF! | G102: =G101+G100 -> #REF! | H102: =H101+H100 -> #REF! | I102: =I101+I100 -> #REF! | J102: =J101+J100 -> #REF! | ... N102: =N101+N100 -> #REF!
A105: UZL | B105: ÜK | C105: Jan | D105: Febr | E105: Márc | F105: Ápr | G105: Máj | H105: Jún | I105: Júl | J105: Aug | K105: Szept | L105: Okt | M105: Nov | N105: Dec | O105: SZUM | T105: Alap | U105: Ber
Q106: 2025 | R106: havi alapterv*0,9 | S106: havi alapterv
A107: Hegyi | B107: ELAD 26 | C107: =C114+C115 -> 4060830 | D107: =D114+D115 -> 5928174.5 | E107: =E114+E115 -> #REF! | F107: =F114+F115 -> #REF! | G107: =G114+G115 -> #REF! | H107: =H114+H115 -> #REF! | I107: =I114+I115 -> #REF! | J107: =J114+J115 -> #REF! | ... N107: =N114+N115 -> #REF! | O107: =SUM(C107:N107) -> #REF! | Q107: Min. Terv | R107: 360 LIMIT | S107: BonuszLimit | T107: AlapTerv | U107: Egyéb
A108: Hegyi | B108: TERV 26 | C108: =$O108/12 -> 9750000 | D108: =$O108/12 -> 9750000 | E108: =$O108/12 -> 9750000 | F108: =$O108/12 -> 9750000 | G108: =$O108/12 -> 9750000 | H108: =$O108/12 -> 9750000 | I108: =$O108/12 -> 9750000 | J108: =$O108/12 -> 9750000 | ... N108: =$O108/12 -> 9750000 | O108: =T108+U108 -> 117000000 | Q108: =O108/12*0.9 -> 8775000 | R108: =ROUNDUP(T108/12*0.95,-5) -> 5000000 | S108: =ROUNDUP(T108/12,-5) -> 5200000 | T108: 62000000 | U108: 55000000
A109: Hegyi | O109: =T108+T110 -> 117000000 | T109: BerTerv | U109: Ber_hó
...

Sheet Külföld
A3: Sum of KÜlföldEUR | B3: Column Labels
A4: Row Labels | B4: 1 | C4: 2 | D4: Grand Total
A5: Dizalica doo | B5: 16696.5 | C5: 4596.99 | D5: 21293.49
A6: Gutman Lifting doo | C6: 14425.31 | D6: 14425.31
A7: Gutman Lifting s.r.o. | B7: 443.42 | C7: 2568.06 | D7: 3011.48
A8: Grand Total | B8: 17139.92 | C8: 21590.36 | D8: 38730.28

Sheet Beruházás
A1: Termékfajta | B1: Beruházás
B3: Column Labels
A5: Row Labels
A6: Grand Total

Sheet MB
A1: CSÉ | B1: 2026 | C1: Január | D1: Február | E1: Március | F1: Április | G1: Május | H1: Június | I1: Július | J1: Augusztus | K1: Szeptember | L1: Október | M1: November | N1: December | R1: CSÉ | S1: 2025 | T1: Január | U1: Február | V1: Március | W1: Április | X1: Május | Y1: Június | Z1: Július | AA1: Augusztus | AB1: Szeptember | AC1: Október | AD1: November | AE1: December
A2: Négyesy | C2: =GETPIVOTDATA("Árrés",'MB-hez Árrés'!$C$4,"Kelt_hó",1,"Termékfajta","Alap","ÜK","Négyesy Gábor") -> 3770941.3 | D2: =GETPIVOTDATA("Árrés",'MB-hez Árrés'!$C$4,"Kelt_hó",2,"Termékfajta","Alap","ÜK","Négyesy Gábor") -> 9933374.1 | O2: =SUM(C2:N2) -> 13704315 | R2: Négyesy | T2: 4531237.6 | U2: 8470404.4 | V2: 5540347.8 | W2: 7872961.5 | X2: 10802081 | Y2: 10322964 | Z2: 19865090 | AA2: 9553937.7 | AB2: 10181203 | AC2: 6157620.3 | AD2: 5358365.2 | AE2: 7507344.7 | AF2: 1.0616356e+08
A3: Nagy | C3: =GETPIVOTDATA("Árrés",'MB-hez Árrés'!$C$4,"Kelt_hó",1,"Termékfajta","Alap","ÜK","Nagy Gergely") -> 9647009.2 | D3: =GETPIVOTDATA("Árrés",'MB-hez Árrés'!$C$4,"Kelt_hó",2,"Termékfajta","Alap","ÜK","Nagy Gergely") -> 4403677.3 | O3: =SUM(C3:N3) -> 14050687 | R3: Nagy | T3: 3225367.5 | U3: 5608402.7 | V3: 3989751.7 | W3: 5733969.9 | X3: 7332786.7 | Y3: 4910665.7 | Z3: 17969519 | AA3: 18242357 | AB3: 12611371 | AC3: 10147168 | AD3: 18402636 | AE3: 5449658.3 | AF3: 1.1362365e+08
A4: H-ITB | C4: =GETPIVOTDATA("Árrés",'MB-hez Árrés'!$C$4,"Kelt_hó",1,"Termékfajta","Alap","ÜK","Forgó Tamás") -> 110088.93 | D4: =GETPIVOTDATA("Árrés",'MB-hez Árrés'!$C$4,"Kelt_hó",2,"Termékfajta","Alap","ÜK","Forgó Tamás") -> 8759768 | O4: =SUM(C4:N4) -> 8869856.9 | R4: H-ITB | T4: 5134997.8 | U4: 3366872 | V4: 7059072.3 | W4: 3509194 | X4: 313678.29 | Y4: 2805758.7 | Z4: 4253270.7 | AA4: 170537.28 | AB4: 4976579 | AC4: 7542071.9 | AD4: 3437084.6 | AE4: 4347534.1 | AF4: 46916651
C5: =SUM(C2:C4) -> 13528040 | D5: =SUM(D2:D4) -> 23096819 | E5: =SUM(E2:E4) -> 0 | F5: =SUM(F2:F4) -> 0 | G5: =SUM(G2:G4) -> 0 | H5: =SUM(H2:H4) -> 0 | I5: =SUM(I2:I4) -> 0 | J5: =SUM(J2:J4) -> 0 | ... N5: =SUM(N2:N4) -> 0 | O5: =SUM(C5:N5) -> 36624859 | T5: 12891603 | U5: 17445679 | V5: 16589172 | W5: 17116125 | X5: 18448546 | Y5: 18039389 | Z5: 42087879 | AA5: 27966832 | AB5: 27769152 | AC5: 23846860 | AD5: 27198086 | AE5: 17304537 | AF5: 2.6670386e+08
A6: 10000000 | B6: 200000 | C6: =IF(C$5>$A6,$B6,0) -> 200000 | D6: =IF(D$5>$A6,$B6,0) -> 200000 | E6: =IF(E$5>$A6,$B6,0) -> 0 | F6: =IF(F$5>$A6,$B6,0) -> 0 | G6: =IF(G$5>$A6,$B6,0) -> 0 | H6: =IF(H$5>$A6,$B6,0) -> 0 | I6: =IF(I$5>$A6,$B6,0) -> 0 | J6: =IF(J$5>$A6,$B6,0) -> 0 | ... N6: =IF(N$5>$A6,$B6,0) -> 0 | O6: =SUM(C6:N6) -> 400000 | R6: 10000000 | S6: 200000 | T6: 200000 | U6: 200000 | V6: 200000 | W6: 200000 | X6: 200000 | Y6: 200000 | Z6: 200000 | AA6: 200000 | AB6: 200000 | AC6: 200000 | AD6: 200000 | AE6: 200000 | AF6: 2400000
A7: 13000000 | B7: 50000 | C7: =IF(C$5>$A7,$B7,0) -> 50000 | D7: =IF(D$5>$A7,$B7,0) -> 50000 | E7: =IF(E$5>$A7,$B7,0) -> 0 | F7: =IF(F$5>$A7,$B7,0) -> 0 | G7: =IF(G$5>$A7,$B7,0) -> 0 | H7: =IF(H$5>$A7,$B7,0) -> 0 | I7: =IF(I$5>$A7,$B7,0) -> 0 | J7: =IF(J$5>$A7,$B7,0) -> 0 | ... N7: =IF(N$5>$A7,$B7,0) -> 0 | O7: =SUM(C7:N7) -> 100000 | R7: 13000000 | S7: 50000 | T7: 0 | U7: 50000 | V7: 50000 | W7: 50000 | X7: 50000 | Y7: 50000 | Z7: 50000 | AA7: 50000 | AB7: 50000 | AC7: 50000 | AD7: 50000 | AE7: 50000 | AF7: 550000
A8: 16000000 | B8: 50000 | C8: =IF(C$5>$A8,$B8,0) -> 0 | D8: =IF(D$5>$A8,$B8,0) -> 50000 | E8: =IF(E$5>$A8,$B8,0) -> 0 | F8: =IF(F$5>$A8,$B8,0) -> 0 | G8: =IF(G$5>$A8,$B8,0) -> 0 | H8: =IF(H$5>$A8,$B8,0) -> 0 | I8: =IF(I$5>$A8,$B8,0) -> 0 | J8: =IF(J$5>$A8,$B8,0) -> 0 | ... N8: =IF(N$5>$A8,$B8,0) -> 0 | O8: =SUM(C8:N8) -> 50000 | R8: 16000000 | S8: 50000 | T8: 0 | U8: 50000 | V8: 50000 | W8: 50000 | X8: 50000 | Y8: 50000 | Z8: 50000 | AA8: 50000 | AB8: 50000 | AC8: 50000 | AD8: 50000 | AE8: 50000 | AF8: 550000
A9: 19000000 | B9: 50000 | C9: =IF(C$5>$A9,$B9,0) -> 0 | D9: =IF(D$5>$A9,$B9,0) -> 50000 | E9: =IF(E$5>$A9,$B9,0) -> 0 | F9: =IF(F$5>$A9,$B9,0) -> 0 | G9: =IF(G$5>$A9,$B9,0) -> 0 | H9: =IF(H$5>$A9,$B9,0) -> 0 | I9: =IF(I$5>$A9,$B9,0) -> 0 | J9: =IF(J$5>$A9,$B9,0) -> 0 | ... N9: =IF(N$5>$A9,$B9,0) -> 0 | O9: =SUM(C9:N9) -> 50000 | R9: 19000000 | S9: 50000 | T9: 0 | U9: 0 | V9: 0 | W9: 0 | X9: 0 | Y9: 0 | Z9: 50000 | AA9: 50000 | AB9: 50000 | AC9: 50000 | AD9: 50000 | AE9: 0 | AF9: 250000
A10: 22000000 | B10: 50000 | C10: =IF(C$5>$A10,$B10,0) -> 0 | D10: =IF(D$5>$A10,$B10,0) -> 50000 | E10: =IF(E$5>$A10,$B10,0) -> 0 | F10: =IF(F$5>$A10,$B10,0) -> 0 | G10: =IF(G$5>$A10,$B10,0) -> 0 | H10: =IF(H$5>$A10,$B10,0) -> 0 | I10: =IF(I$5>$A10,$B10,0) -> 0 | J10: =IF(J$5>$A10,$B10,0) -> 0 | ... N10: =IF(N$5>$A10,$B10,0) -> 0 | O10: =SUM(C10:N10) -> 50000 | R10: 22000000 | S10: 50000 | T10: 0 | U10: 0 | V10: 0 | W10: 0 | X10: 0 | Y10: 0 | Z10: 50000 | AA10: 50000 | AB10: 50000 | AC10: 50000 | AD10: 50000 | AE10: 0 | AF10: 250000
A11: 24000000 | B11: 50000 | C11: =IF(C$5>$A11,$B11,0) -> 0 | D11: =IF(D$5>$A11,$B11,0) -> 0 | E11: =IF(E$5>$A11,$B11,0) -> 0 | F11: =IF(F$5>$A11,$B11,0) -> 0 | G11: =IF(G$5>$A11,$B11,0) -> 0 | H11: =IF(H$5>$A11,$B11,0) -> 0 | I11: =IF(I$5>$A11,$B11,0) -> 0 | J11: =IF(J$5>$A11,$B11,0) -> 0 | ... N11: =IF(N$5>$A11,$B11,0) -> 0
B12: 2026 | C12: =SUM(C6:C11) -> 250000 | D12: =SUM(D6:D11) -> 400000 | E12: =SUM(E6:E11) -> 0 | F12: =SUM(F6:F11) -> 0 | G12: =SUM(G6:G11) -> 0 | H12: =SUM(H6:H11) -> 0 | I12: =SUM(I6:I11) -> 0 | J12: =SUM(J6:J11) -> 0 | ... N12: =SUM(N6:N11) -> 0 | O12: =SUM(C12:N12) -> 650000 | P12: =O12/12 -> 54166.667 | R12: 2025 | S12: 2025 | T12: 200000 | U12: 300000 | V12: 300000 | W12: 300000 | X12: 300000 | Y12: 300000 | Z12: 400000 | AA12: 400000 | AB12: 400000 | AC12: 400000 | AD12: 400000 | AE12: 300000 | AF12: 4000000 | AG12: 333333.33
B13: 2026 | C13: 950000 | D13: 1050000 | E13: 1050000 | F13: 1050000 | G13: 1050000 | H13: 1050000 | I13: 1050000 | J13: 1050000 | K13: 1050000 | L13: 1050000 | M13: 1050000 | N13: 1050000 | O13: =SUM(C13:N13) -> 12500000 | R13: 2025 | S13: 2025 | T13: 870000 | U13: 870000 | V13: 870000 | W13: 870000 | X13: 870000 | Y13: 870000 | Z13: 950000 | AA13: 950000 | AB13: 950000 | AC13: 950000 | AD13: 950000 | AE13: 950000 | AF13: 10920000 | AG13: 910000
B14: 2026 | C14: =C12+C13 -> 1200000 | D14: =D12+D13 -> 1450000 | E14: =E12+E13 -> 1050000 | F14: =F12+F13 -> 1050000 | G14: =G12+G13 -> 1050000 | H14: =H12+H13 -> 1050000 | I14: =I12+I13 -> 1050000 | J14: =J12+J13 -> 1050000 | ... O14: =O12+O13 -> 13150000 | P14: =O14/12 -> 1095833.3 | R14: 2025 | S14: 2025 | T14: 1070000 | U14: 1170000 | V14: 1170000 | W14: 1170000 | X14: 1170000 | Y14: 1170000 | Z14: 1350000 | AA14: 1350000 | AB14: 1350000 | AC14: 1350000 | AD14: 1350000 | AE14: 1250000 | AF14: 14920000 | AG14: 1243333.3
B15: Nettó | C15: =6650*C14/10000 -> 798000 | D15: =6650*D14/10000 -> 964250 | E15: =6650*E14/10000 -> 698250 | F15: =6650*F14/10000 -> 698250 | G15: =6650*G14/10000 -> 698250 | H15: =6650*H14/10000 -> 698250 | I15: =6650*I14/10000 -> 698250 | J15: =6650*J14/10000 -> 698250 | ... O15: =6650*O14/10000 -> 8744750 | P15: =O15/12 -> 728729.17
A16: 2025 | B16: 2025 | C16: 200000 | D16: 300000 | E16: 300000 | F16: 300000 | G16: 300000 | H16: 300000 | I16: 400000 | J16: 400000 | K16: 400000 | L16: 400000 | M16: 400000 | N16: 300000 | O16: =SUM(C16:N16) -> 4000000 | P16: =O16/12 -> 333333.33
A17: 2025 | B17: 2025 | C17: 870000 | D17: 870000 | E17: 870000 | F17: 870000 | G17: 870000 | H17: 870000 | I17: 950000 | J17: 950000 | K17: 950000 | L17: 950000 | M17: 950000 | N17: 950000 | O17: =SUM(C17:N17) -> 10920000 | P17: =O17/12 -> 910000
A18: 2025 | B18: 2025 | C18: =C16+C17 -> 1070000 | D18: =D16+D17 -> 1170000 | E18: =E16+E17 -> 1170000 | F18: =F16+F17 -> 1170000 | G18: =G16+G17 -> 1170000 | H18: =H16+H17 -> 1170000 | I18: =I16+I17 -> 1350000 | J18: =J16+J17 -> 1350000 | ... N18: =N16+N17 -> 1250000 | O18: =SUM(C18:N18) -> 14920000 | P18: =O18/12 -> 1243333.3
A21: VT | B21: 2026 | C21: Január | D21: Február | E21: Március | F21: Április | G21: Május | H21: Június | I21: Július | J21: Augusztus | K21: Szeptember | L21: Október | M21: November | N21: December | R21: VT | S21: 2025 | T21: Január | U21: Február | V21: Március | W21: Április | X21: Május | Y21: Június | Z21: Július | AA21: Augusztus | AB21: Szeptember | AC21: Október | AD21: November | AE21: December
A22: Négyesy | C22: =C2 -> 3770941.3 | D22: =D2 -> 9933374.1 | E22: =E2 -> 0 | F22: =F2 -> 0 | G22: =G2 -> 0 | H22: =H2 -> 0 | I22: =I2 -> 0 | J22: =J2 -> 0 | ... N22: =N2 -> 0 | O22: =SUM(C22:N22) -> 13704315 | R22: Négyesy | T22: 4531237.6 | U22: 8470404.4 | V22: 5540347.8 | W22: 7872961.5 | X22: 10802081 | Y22: 10322964 | Z22: 19865090 | AA22: 9553937.7 | AB22: 10181203 | AC22: 6157620.3 | AD22: 5358365.2 | AE22: 7507344.7 | AF22: 1.0616356e+08
A23: Nagy | C23: =C3 -> 9647009.2 | D23: =D3 -> 4403677.3 | E23: =E3 -> 0 | F23: =F3 -> 0 | G23: =G3 -> 0 | H23: =H3 -> 0 | I23: =I3 -> 0 | J23: =J3 -> 0 | ... N23: =N3 -> 0 | O23: =SUM(C23:N23) -> 14050687 | R23: Nagy | T23: 3225367.5 | U23: 5608402.7 | V23: 3989751.7 | W23: 5733969.9 | X23: 7332786.7 | Y23: 4910665.7 | Z23: 17969519 | AA23: 18242357 | AB23: 12611371 | AC23: 10147168 | AD23: 18402636 | AE23: 5449658.3 | AF23: 1.1362365e+08
C25: =SUM(C22:C24) -> 13417951 | D25: =SUM(D22:D24) -> 14337051 | E25: =SUM(E22:E24) -> 0 | F25: =SUM(F22:F24) -> 0 | G25: =SUM(G22:G24) -> 0 | H25: =SUM(H22:H24) -> 0 | I25: =SUM(I22:I24) -> 0 | J25: =SUM(J22:J24) -> 0 | ... N25: =SUM(N22:N24) -> 0 | O25: =SUM(C25:N25) -> 27755002 | T25: 7756605.1 | U25: 14078807 | V25: 9530099.5 | W25: 13606931 | X25: 18134868 | Y25: 15233630 | Z25: 37834609 | AA25: 27796295 | AB25: 22792573 | AC25: 16304789 | AD25: 23761001 | AE25: 12957003 | AF25: 2.1978721e+08
A26: 8000000 | B26: 50000 | C26: =IF(C$25>$A26,$B26,0) -> 50000 | D26: =IF(D$25>$A26,$B26,0) -> 50000 | E26: =IF(E$25>$A26,$B26,0) -> 0 | F26: =IF(F$25>$A26,$B26,0) -> 0 | G26: =IF(G$25>$A26,$B26,0) -> 0 | H26: =IF(H$25>$A26,$B26,0) -> 0 | I26: =IF(I$25>$A26,$B26,0) -> 0 | J26: =IF(J$25>$A26,$B26,0) -> 0 | ... N26: =IF(N$25>$A26,$B26,0) -> 0 | O26: =SUM(C26:N26) -> 100000 | R26: 8000000 | S26: 50000 | T26: 0 | U26: 50000 | V26: 50000 | W26: 50000 | X26: 50000 | Y26: 50000 | Z26: 50000 | AA26: 50000 | AB26: 50000 | AC26: 50000 | AD26: 50000 | AE26: 50000 | AF26: 550000
A27: 9000000 | B27: 50000 | C27: =IF(C$25>$A27,$B27,0) -> 50000 | D27: =IF(D$25>$A27,$B27,0) -> 50000 | E27: =IF(E$25>$A27,$B27,0) -> 0 | F27: =IF(F$25>$A27,$B27,0) -> 0 | G27: =IF(G$25>$A27,$B27,0) -> 0 | H27: =IF(H$25>$A27,$B27,0) -> 0 | I27: =IF(I$25>$A27,$B27,0) -> 0 | J27: =IF(J$25>$A27,$B27,0) -> 0 | ... N27: =IF(N$25>$A27,$B27,0) -> 0 | O27: =SUM(C27:N27) -> 100000 | R27: 9000000 | S27: 50000 | T27: 0 | U27: 50000 | V27: 50000 | W27: 50000 | X27: 50000 | Y27: 50000 | Z27: 50000 | AA27: 50000 | AB27: 50000 | AC27: 50000 | AD27: 50000 | AE27: 50000 | AF27: 550000
A28: 11000000 | B28: 50000 | C28: =IF(C$25>$A28,$B28,0) -> 50000 | D28: =IF(D$25>$A28,$B28,0) -> 50000 | E28: =IF(E$25>$A28,$B28,0) -> 0 | F28: =IF(F$25>$A28,$B28,0) -> 0 | G28: =IF(G$25>$A28,$B28,0) -> 0 | H28: =IF(H$25>$A28,$B28,0) -> 0 | I28: =IF(I$25>$A28,$B28,0) -> 0 | J28: =IF(J$25>$A28,$B28,0) -> 0 | ... N28: =IF(N$25>$A28,$B28,0) -> 0 | O28: =SUM(C28:N28) -> 100000 | R28: 11000000 | S28: 50000 | T28: 0 | U28: 50000 | V28: 0 | W28: 50000 | X28: 50000 | Y28: 50000 | Z28: 50000 | AA28: 50000 | AB28: 50000 | AC28: 50000 | AD28: 50000 | AE28: 50000 | AF28: 500000
A29: 13000000 | B29: 50000 | C29: =IF(C$25>$A29,$B29,0) -> 50000 | D29: =IF(D$25>$A29,$B29,0) -> 50000 | E29: =IF(E$25>$A29,$B29,0) -> 0 | F29: =IF(F$25>$A29,$B29,0) -> 0 | G29: =IF(G$25>$A29,$B29,0) -> 0 | H29: =IF(H$25>$A29,$B29,0) -> 0 | I29: =IF(I$25>$A29,$B29,0) -> 0 | J29: =IF(J$25>$A29,$B29,0) -> 0 | ... N29: =IF(N$25>$A29,$B29,0) -> 0 | O29: =SUM(C29:N29) -> 100000 | R29: 13000000 | S29: 50000 | T29: 0 | U29: 50000 | V29: 0 | W29: 50000 | X29: 50000 | Y29: 50000 | Z29: 50000 | AA29: 50000 | AB29: 50000 | AC29: 50000 | AD29: 50000 | AE29: 0 | AF29: 450000
A30: 15000000 | B30: 50000 | C30: =IF(C$25>$A30,$B30,0) -> 0 | D30: =IF(D$25>$A30,$B30,0) -> 0 | E30: =IF(E$25>$A30,$B30,0) -> 0 | F30: =IF(F$25>$A30,$B30,0) -> 0 | G30: =IF(G$25>$A30,$B30,0) -> 0 | H30: =IF(H$25>$A30,$B30,0) -> 0 | I30: =IF(I$25>$A30,$B30,0) -> 0 | J30: =IF(J$25>$A30,$B30,0) -> 0 | ... N30: =IF(N$25>$A30,$B30,0) -> 0 | O30: =SUM(C30:N30) -> 0 | R30: 15000000 | S30: 50000 | T30: 0 | U30: 0 | V30: 0 | W30: 0 | X30: 50000 | Y30: 50000 | Z30: 50000 | AA30: 50000 | AB30: 50000 | AC30: 50000 | AD30: 50000 | AE30: 0 | AF30: 350000
A31: 17000000 | B31: 50000 | C31: =IF(C$25>$A31,$B31,0) -> 0 | D31: =IF(D$25>$A31,$B31,0) -> 0 | E31: =IF(E$25>$A31,$B31,0) -> 0 | F31: =IF(F$25>$A31,$B31,0) -> 0 | G31: =IF(G$25>$A31,$B31,0) -> 0 | H31: =IF(H$25>$A31,$B31,0) -> 0 | I31: =IF(I$25>$A31,$B31,0) -> 0 | J31: =IF(J$25>$A31,$B31,0) -> 0 | ... N31: =IF(N$25>$A31,$B31,0) -> 0 | O31: =SUM(C31:N31) -> 0 | R31: 17000000 | S31: 50000 | T31: 0 | U31: 0 | V31: 0 | W31: 0 | X31: 50000 | Y31: 0 | Z31: 50000 | AA31: 50000 | AB31: 50000 | AC31: 0 | AD31: 50000 | AE31: 0 | AF31: 250000
A32: 19000000 | B32: 50000 | C32: =IF(C$25>$A32,$B32,0) -> 0 | D32: =IF(D$25>$A32,$B32,0) -> 0 | E32: =IF(E$25>$A32,$B32,0) -> 0 | F32: =IF(F$25>$A32,$B32,0) -> 0 | G32: =IF(G$25>$A32,$B32,0) -> 0 | H32: =IF(H$25>$A32,$B32,0) -> 0 | I32: =IF(I$25>$A32,$B32,0) -> 0 | J32: =IF(J$25>$A32,$B32,0) -> 0 | ... N32: =IF(N$25>$A32,$B32,0) -> 0 | O32: =SUM(C32:N32) -> 0 | R32: 2025 | S32: 2025 | T32: 100000 | U32: 200000 | V32: 100000 | W32: 200000 | X32: 300000 | Y32: 250000 | Z32: 300000 | AA32: 300000 | AB32: 300000 | AC32: 250000 | AD32: 300000 | AE32: 150000 | AF32: 2750000 | AG32: 229166.67
B33: 2026 | C33: =SUM(C26:C32) -> 200000 | D33: =SUM(D26:D32) -> 200000 | E33: =SUM(E26:E32) -> 0 | F33: =SUM(F26:F32) -> 0 | G33: =SUM(G26:G32) -> 0 | H33: =SUM(H26:H32) -> 0 | I33: =SUM(I26:I32) -> 0 | J33: =SUM(J26:J32) -> 0 | ... N33: =SUM(N26:N32) -> 0 | O33: =SUM(C33:N33) -> 400000 | P33: =O33/12 -> 33333.333 | R33: 2025 | S33: 2025 | T33: 500000 | U33: 500000 | V33: 500000 | W33: 500000 | X33: 500000 | Y33: 500000 | Z33: 500000 | AA33: 500000 | AB33: 500000 | AC33: 500000 | AD33: 500000 | AE33: 500000 | AF33: 6000000 | AG33: 500000
B34: 2026 | C34: 500000 | D34: 600000 | E34: 600000 | F34: 600000 | G34: 600000 | H34: 600000 | I34: 600000 | J34: 600000 | K34: 600000 | L34: 600000 | M34: 600000 | N34: 600000 | O34: =SUM(C34:N34) -> 7100000 | R34: 2025 | S34: 2025 | T34: 600000 | U34: 700000 | V34: 600000 | W34: 700000 | X34: 800000 | Y34: 750000 | Z34: 800000 | AA34: 800000 | AB34: 800000 | AC34: 750000 | AD34: 800000 | AE34: 650000 | AF34: 8750000 | AG34: 729166.67
B35: 2026 | C35: =C33+C34 -> 700000 | D35: =D33+D34 -> 800000 | E35: =E33+E34 -> 600000 | F35: =F33+F34 -> 600000 | G35: =G33+G34 -> 600000 | H35: =H33+H34 -> 600000 | I35: =I33+I34 -> 600000 | J35: =J33+J34 -> 600000 | ... O35: =O33+O34 -> 7500000 | P35: =O35/12 -> 625000
B36: nettó | C36: =6650*C35/10000 -> 465500 | D36: =6650*D35/10000 -> 532000 | E36: =6650*E35/10000 -> 399000 | F36: =6650*F35/10000 -> 399000 | G36: =6650*G35/10000 -> 399000 | H36: =6650*H35/10000 -> 399000 | I36: =6650*I35/10000 -> 399000 | J36: =6650*J35/10000 -> 399000 | ... O36: =6650*O35/10000 -> 4987500 | P36: =O36/12 -> 415625
A37: 2025 | B37: 2025 | C37: 100000 | D37: 200000 | E37: 100000 | F37: 200000 | G37: 300000 | H37: 250000 | I37: 300000 | J37: 300000 | K37: 300000 | L37: 250000 | M37: 300000 | N37: 150000 | O37: =SUM(C37:N37) -> 2750000 | P37: =O37/12 -> 229166.67
A38: 2025 | B38: 2025 | C38: 500000 | D38: 500000 | E38: 500000 | F38: 500000 | G38: 500000 | H38: 500000 | I38: 500000 | J38: 500000 | K38: 500000 | L38: 500000 | M38: 500000 | N38: 500000 | O38: =SUM(C38:N38) -> 6000000 | P38: =O38/12 -> 500000
A39: 2025 | B39: 2025 | C39: =C37+C38 -> 600000 | D39: =D37+D38 -> 700000 | E39: =E37+E38 -> 600000 | F39: =F37+F38 -> 700000 | G39: =G37+G38 -> 800000 | H39: =H37+H38 -> 750000 | I39: =I37+I38 -> 800000 | J39: =J37+J38 -> 800000 | ... N39: =N37+N38 -> 650000 | O39: =SUM(C39:N39) -> 8750000 | P39: =O39/12 -> 729166.67
A42: VK | B42: 2026 | C42: Január | D42: Február | E42: Március | F42: Április | G42: Május | H42: Június | I42: Július | J42: Augusztus | K42: Szeptember | L42: Október | M42: November | N42: December | R42: VK | S42: 2025 | T42: Január | U42: Február | V42: Március | W42: Április | X42: Május | Y42: Június | Z42: Július | AA42: Augusztus | AB42: Szeptember | AC42: Október | AD42: November | AE42: December
A43: Molnár | C43: =GETPIVOTDATA("Árrés",'MB-hez Árrés'!$C$4,"Kelt_hó",1,"Termékfajta","Alap","ÜK","Molnár Ferenc") -> 2979753.9 | D43: =GETPIVOTDATA("Árrés",'MB-hez Árrés'!$C$4,"Kelt_hó",2,"Termékfajta","Alap","ÜK","Molnár Ferenc") -> 3620337.5 | O43: =SUM(C43:N43) -> 6600091.5 | R43: Molnár | T43: 4319300.4 | U43: 2924810.8 | V43: 4376097.4 | W43: 2537917.5 | X43: 2017574.1 | Y43: 3574847.2 | Z43: 2214445 | AA43: 2027649.7 | AB43: 2952046 | AC43: 3194941.8 | AD43: 4203975.8 | AE43: 2360433.4 | AF43: 36704039
A44: Halász | C44: =GETPIVOTDATA("Árrés",'MB-hez Árrés'!$C$4,"Kelt_hó",1,"Termékfajta","Alap","ÜK","Halász Miklós") -> 4121325.7 | D44: =GETPIVOTDATA("Árrés",'MB-hez Árrés'!$C$4,"Kelt_hó",2,"Termékfajta","Alap","ÜK","Halász Miklós") -> 3653370.5 | O44: =SUM(C44:N44) -> 7774696.3 | R44: Halász | T44: 3363742.8 | U44: 2508292.1 | V44: 1473971.7 | W44: 3853307.3 | X44: 2592242 | Y44: 1806059.7 | Z44: 1515291 | AA44: 1980819.3 | AB44: 3369500.9 | AC44: 2902293.1 | AD44: 4368104 | AE44: 3768935.2 | AF44: 33502559
A45: Szomolya | C45: =GETPIVOTDATA("Árrés",'MB-hez Árrés'!$C$4,"Kelt_hó",1,"Termékfajta","Alap","ÜK","Horváth István.") -> 374577.05 | D45: =GETPIVOTDATA("Árrés",'MB-hez Árrés'!$C$4,"Kelt_hó",2,"Termékfajta","Alap","ÜK","Horváth István.") -> 1049677.9 | O45: =SUM(C45:N45) -> 1424254.9 | R45: Szomolya | T45: 330940.95 | U45: 170327.6 | V45: 547457.54 | W45: 627113.02 | X45: 1645101.2 | Y45: 2888211.7 | Z45: 813516.53 | AA45: 219157.37 | AB45: 579008.26 | AC45: 147654.37 | AD45: 110671.21 | AE45: 4361.64 | AF45: 8083521.4
C46: =SUM(C43:C45) -> 7475656.7 | D46: =SUM(D43:D45) -> 8323385.9 | E46: =SUM(E43:E45) -> 0 | F46: =SUM(F43:F45) -> 0 | G46: =SUM(G43:G45) -> 0 | H46: =SUM(H43:H45) -> 0 | I46: =SUM(I43:I45) -> 0 | J46: =SUM(J43:J45) -> 0 | ... N46: =SUM(N43:N45) -> 0 | O46: =SUM(C46:N46) -> 15799043 | T46: 8013984.1 | U46: 5603430.4 | V46: 6397526.7 | W46: 7018337.8 | X46: 6254917.3 | Y46: 8269118.6 | Z46: 4543252.5 | AA46: 4227626.4 | AB46: 6900555.1 | AC46: 6244889.2 | AD46: 8682751 | AE46: 6133730.2 | AF46: 78290119
A47: 4000000 | B47: 100000 | C47: =IF(C$46>$A47,$B47,0) -> 100000 | D47: =IF(D$46>$A47,$B47,0) -> 100000 | E47: =IF(E$46>$A47,$B47,0) -> 0 | F47: =IF(F$46>$A47,$B47,0) -> 0 | G47: =IF(G$46>$A47,$B47,0) -> 0 | H47: =IF(H$46>$A47,$B47,0) -> 0 | I47: =IF(I$46>$A47,$B47,0) -> 0 | J47: =IF(J$46>$A47,$B47,0) -> 0 | ... N47: =IF(N$46>$A47,$B47,0) -> 0 | O47: =SUM(C47:N47) -> 200000 | R47: 4000000 | S47: 100000 | T47: 100000 | U47: 100000 | V47: 100000 | W47: 100000 | X47: 100000 | Y47: 100000 | Z47: 100000 | AA47: 100000 | AB47: 100000 | AC47: 100000 | AD47: 100000 | AE47: 100000 | AF47: 1200000
A48: 5000000 | B48: 20000 | C48: =IF(C$46>$A48,$B48,0) -> 20000 | D48: =IF(D$46>$A48,$B48,0) -> 20000 | E48: =IF(E$46>$A48,$B48,0) -> 0 | F48: =IF(F$46>$A48,$B48,0) -> 0 | G48: =IF(G$46>$A48,$B48,0) -> 0 | H48: =IF(H$46>$A48,$B48,0) -> 0 | I48: =IF(I$46>$A48,$B48,0) -> 0 | J48: =IF(J$46>$A48,$B48,0) -> 0 | ... N48: =IF(N$46>$A48,$B48,0) -> 0 | O48: =SUM(C48:N48) -> 40000 | R48: 5000000 | S48: 20000 | T48: 20000 | U48: 20000 | V48: 20000 | W48: 20000 | X48: 20000 | Y48: 20000 | Z48: 0 | AA48: 0 | AB48: 20000 | AC48: 20000 | AD48: 20000 | AE48: 20000 | AF48: 200000
A49: 6000000 | B49: 20000 | C49: =IF(C$46>$A49,$B49,0) -> 20000 | D49: =IF(D$46>$A49,$B49,0) -> 20000 | E49: =IF(E$46>$A49,$B49,0) -> 0 | F49: =IF(F$46>$A49,$B49,0) -> 0 | G49: =IF(G$46>$A49,$B49,0) -> 0 | H49: =IF(H$46>$A49,$B49,0) -> 0 | I49: =IF(I$46>$A49,$B49,0) -> 0 | J49: =IF(J$46>$A49,$B49,0) -> 0 | ... N49: =IF(N$46>$A49,$B49,0) -> 0 | O49: =SUM(C49:N49) -> 40000 | R49: 6000000 | S49: 20000 | T49: 20000 | U49: 0 | V49: 20000 | W49: 20000 | X49: 20000 | Y49: 20000 | Z49: 0 | AA49: 0 | AB49: 20000 | AC49: 20000 | AD49: 20000 | AE49: 20000 | AF49: 180000
A50: 7000000 | B50: 20000 | C50: =IF(C$46>$A50,$B50,0) -> 20000 | D50: =IF(D$46>$A50,$B50,0) -> 20000 | E50: =IF(E$46>$A50,$B50,0) -> 0 | F50: =IF(F$46>$A50,$B50,0) -> 0 | G50: =IF(G$46>$A50,$B50,0) -> 0 | H50: =IF(H$46>$A50,$B50,0) -> 0 | I50: =IF(I$46>$A50,$B50,0) -> 0 | J50: =IF(J$46>$A50,$B50,0) -> 0 | ... N50: =IF(N$46>$A50,$B50,0) -> 0 | O50: =SUM(C50:N50) -> 40000 | R50: 7000000 | S50: 20000 | T50: 20000 | U50: 0 | V50: 0 | W50: 20000 | X50: 0 | Y50: 20000 | Z50: 0 | AA50: 0 | AB50: 0 | AC50: 0 | AD50: 20000 | AE50: 0 | AF50: 80000
A51: 8000000 | B51: 20000 | C51: =IF(C$46>$A51,$B51,0) -> 0 | D51: =IF(D$46>$A51,$B51,0) -> 20000 | E51: =IF(E$46>$A51,$B51,0) -> 0 | F51: =IF(F$46>$A51,$B51,0) -> 0 | G51: =IF(G$46>$A51,$B51,0) -> 0 | H51: =IF(H$46>$A51,$B51,0) -> 0 | I51: =IF(I$46>$A51,$B51,0) -> 0 | J51: =IF(J$46>$A51,$B51,0) -> 0 | ... N51: =IF(N$46>$A51,$B51,0) -> 0 | O51: =SUM(C51:N51) -> 20000 | R51: 8000000 | S51: 20000 | T51: 20000 | U51: 0 | V51: 0 | W51: 0 | X51: 0 | Y51: 20000 | Z51: 0 | AA51: 0 | AB51: 0 | AC51: 0 | AD51: 20000 | AE51: 0 | AF51: 60000
A52: 9000000 | B52: 20000 | C52: =IF(C$46>$A52,$B52,0) -> 0 | D52: =IF(D$46>$A52,$B52,0) -> 0 | E52: =IF(E$46>$A52,$B52,0) -> 0 | F52: =IF(F$46>$A52,$B52,0) -> 0 | G52: =IF(G$46>$A52,$B52,0) -> 0 | H52: =IF(H$46>$A52,$B52,0) -> 0 | I52: =IF(I$46>$A52,$B52,0) -> 0 | J52: =IF(J$46>$A52,$B52,0) -> 0 | ... N52: =IF(N$46>$A52,$B52,0) -> 0 | O52: =SUM(C52:N52) -> 0 | R52: 9000000 | S52: 20000 | T52: 0 | U52: 0 | V52: 0 | W52: 0 | X52: 0 | Y52: 0 | Z52: 0 | AA52: 0 | AB52: 0 | AC52: 0 | AD52: 0 | AE52: 0 | AF52: 0
B53: 2026 | C53: =SUM(C47:C52) -> 160000 | D53: =SUM(D47:D52) -> 180000 | E53: =SUM(E47:E52) -> 0 | F53: =SUM(F47:F52) -> 0 | G53: =SUM(G47:G52) -> 0 | H53: =SUM(H47:H52) -> 0 | I53: =SUM(I47:I52) -> 0 | J53: =SUM(J47:J52) -> 0 | ... N53: =SUM(N47:N52) -> 0 | O53: =SUM(C53:N53) -> 340000 | P53: =O53/12 -> 28333.333 | R53: 2025 | S53: 2025 | T53: 180000 | U53: 120000 | V53: 140000 | W53: 160000 | X53: 140000 | Y53: 180000 | Z53: 100000 | AA53: 100000 | AB53: 140000 | AC53: 140000 | AD53: 180000 | AE53: 140000 | AF53: 1720000 | AG53: 143333.33
B54: 2026 | C54: 890000 | D54: 980000 | E54: 980000 | F54: 980000 | G54: 980000 | H54: 980000 | I54: 980000 | J54: 980000 | K54: 980000 | L54: 980000 | M54: 980000 | N54: 980000 | O54: =SUM(C54:N54) -> 11670000 | R54: 2025 | S54: 2025 | T54: 810000 | U54: 810000 | V54: 810000 | W54: 810000 | X54: 810000 | Y54: 810000 | Z54: 890000 | AA54: 890000 | AB54: 890000 | AC54: 890000 | AD54: 890000 | AE54: 890000 | AF54: 10200000 | AG54: 850000
B55: 2026 | C55: =C53+C54 -> 1050000 | D55: =D53+D54 -> 1160000 | E55: =E53+E54 -> 980000 | F55: =F53+F54 -> 980000 | G55: =G53+G54 -> 980000 | H55: =H53+H54 -> 980000 | I55: =I53+I54 -> 980000 | J55: =J53+J54 -> 980000 | ... O55: =O53+O54 -> 12010000 | P55: =O55/12 -> 1000833.3 | R55: 2025 | S55: 2025 | T55: 990000 | U55: 930000 | V55: 950000 | W55: 970000 | X55: 950000 | Y55: 990000 | Z55: 990000 | AA55: 990000 | AB55: 1030000 | AC55: 1030000 | AD55: 1070000 | AE55: 1030000 | AF55: 11920000 | AG55: 993333.33
B56: nettó | C56: =6650*C55/10000 -> 698250 | D56: =6650*D55/10000 -> 771400 | E56: =6650*E55/10000 -> 651700 | F56: =6650*F55/10000 -> 651700 | G56: =6650*G55/10000 -> 651700 | H56: =6650*H55/10000 -> 651700 | I56: =6650*I55/10000 -> 651700 | J56: =6650*J55/10000 -> 651700 | ... O56: =6650*O55/10000 -> 7986650 | P56: =O56/12 -> 665554.17
A57: 2025 | B57: 2025 | C57: 180000 | D57: 120000 | E57: 140000 | F57: 160000 | G57: 140000 | H57: 180000 | I57: 100000 | J57: 100000 | K57: 140000 | L57: 140000 | M57: 180000 | N57: 140000 | O57: =SUM(C57:N57) -> 1720000 | P57: =O57/12 -> 143333.33
A58: 2025 | B58: 2025 | C58: 810000 | D58: 810000 | E58: 810000 | F58: 810000 | G58: 810000 | H58: 810000 | I58: 890000 | J58: 890000 | K58: 890000 | L58: 890000 | M58: 890000 | N58: 890000 | O58: =SUM(C58:N58) -> 10200000 | P58: =O58/12 -> 850000
A59: 2025 | B59: 2025 | C59: =C57+C58 -> 990000 | D59: =D57+D58 -> 930000 | E59: =E57+E58 -> 950000 | F59: =F57+F58 -> 970000 | G59: =G57+G58 -> 950000 | H59: =H57+H58 -> 990000 | I59: =I57+I58 -> 990000 | J59: =J57+J58 -> 990000 | ... N59: =N57+N58 -> 1030000 | O59: =SUM(C59:N59) -> 11920000 | P59: =O59/12 -> 993333.33
A62: SzPSz | B62: 2026 | C62: Január | D62: Február | E62: Március | F62: Április | G62: Május | H62: Június | I62: Július | J62: Augusztus | K62: Szeptember | L62: Október | M62: November | N62: December | R62: SzPSz | S62: 2025 | T62: Január | U62: Február | V62: Március | W62: Április | X62: Május | Y62: Június | Z62: Július | AA62: Augusztus | AB62: Szeptember | AC62: Október | AD62: November | AE62: December
A63: Hegyi | C63: =GETPIVOTDATA("Árrés",'MB-hez Árrés'!$C$4,"Kelt_hó",1,"Termékfajta","Alap","ÜK","Hegyi Gábor") -> 909936.82 | D63: =GETPIVOTDATA("Árrés",'MB-hez Árrés'!$C$4,"Kelt_hó",2,"Termékfajta","Alap","ÜK","Hegyi Gábor") -> 2437072.3 | O63: =SUM(C63:N63) -> 3347009.2 | R63: Hegyi | T63: 2111672.4 | U63: 2211997.6 | V63: 1558859 | W63: 2515329.9 | X63: 1341683.2 | Y63: 2723239.1 | Z63: 2705310.8 | AA63: 2943916.4 | AB63: 3047157.6 | AC63: 2671592.3 | AD63: 2475237.1 | AE63: 2357634.5 | AF63: 28663630
A64: Simon | C64: =GETPIVOTDATA("Árrés",'MB-hez Árrés'!$C$4,"Kelt_hó",1,"Termékfajta","Alap","ÜK","Simon Jenő") -> 1130948.8 | D64: =GETPIVOTDATA("Árrés",'MB-hez Árrés'!$C$4,"Kelt_hó",2,"Termékfajta","Alap","ÜK","Simon Jenő") -> 2199829 | O64: =SUM(C64:N64) -> 3330777.8 | R64: Simon | T64: 1270385.6 | U64: 2158766.3 | V64: 1260009.6 | W64: 2424548.5 | X64: 1144673.8 | Y64: 1912621.5 | Z64: 788692.75 | AA64: 269976.72 | AB64: 559021.65 | AC64: 2140198.2 | AD64: 2193142.5 | AE64: 644534.53 | AF64: 16766572
A65: Bálint | C65: =GETPIVOTDATA("Árrés",'MB-hez Árrés'!$C$4,"Kelt_hó",1,"Termékfajta","Alap","ÜK","Bálint Miklós") -> 686378.91 | D65: =GETPIVOTDATA("Árrés",'MB-hez Árrés'!$C$4,"Kelt_hó",2,"Termékfajta","Alap","ÜK","Bálint Miklós") -> 821627.94 | O65: =SUM(C65:N65) -> 1508006.9 | R65: Bálint | T65: 1041588.1 | U65: 1264309.9 | V65: 1576911.3 | W65: 2290856.2 | X65: 1253942.5 | Y65: 868552.88 | Z65: 1019211.3 | AA65: 1176149 | AB65: 2503907.1 | AC65: 2164116.6 | AD65: 315814.8 | AE65: 344408.17 | AF65: 15819768
C66: =SUM(C63:C65) -> 2727264.5 | D66: =SUM(D63:D65) -> 5458529.3 | E66: =SUM(E63:E65) -> 0 | F66: =SUM(F63:F65) -> 0 | G66: =SUM(G63:G65) -> 0 | H66: =SUM(H63:H65) -> 0 | I66: =SUM(I63:I65) -> 0 | J66: =SUM(J63:J65) -> 0 | ... N66: =SUM(N63:N65) -> 0 | O66: =SUM(C66:N66) -> 8185793.8 | T66: 4423646.1 | U66: 5635073.9 | V66: 4395779.9 | W66: 7230734.6 | X66: 3740299.6 | Y66: 5504413.4 | Z66: 4513214.9 | AA66: 4390042.2 | AB66: 6110086.3 | AC66: 6975907.1 | AD66: 4984194.4 | AE66: 3346577.2 | AF66: 61249970
A67: 3000000 | B67: 100000 | C67: =IF(C$66>$A67,$B67,0) -> 0 | D67: =IF(D$66>$A67,$B67,0) -> 100000 | E67: =IF(E$66>$A67,$B67,0) -> 0 | F67: =IF(F$66>$A67,$B67,0) -> 0 | G67: =IF(G$66>$A67,$B67,0) -> 0 | H67: =IF(H$66>$A67,$B67,0) -> 0 | I67: =IF(I$66>$A67,$B67,0) -> 0 | J67: =IF(J$66>$A67,$B67,0) -> 0 | ... N67: =IF(N$66>$A67,$B67,0) -> 0 | O67: =SUM(C67:N67) -> 100000 | R67: 3000000 | S67: 100000 | T67: 100000 | U67: 100000 | V67: 100000 | W67: 100000 | X67: 100000 | Y67: 100000 | Z67: 100000 | AA67: 100000 | AB67: 100000 | AC67: 100000 | AD67: 100000 | AE67: 100000 | AF67: 1200000
A68: 4000000 | B68: 50000 | C68: =IF(C$66>$A68,$B68,0) -> 0 | D68: =IF(D$66>$A68,$B68,0) -> 50000 | E68: =IF(E$66>$A68,$B68,0) -> 0 | F68: =IF(F$66>$A68,$B68,0) -> 0 | G68: =IF(G$66>$A68,$B68,0) -> 0 | H68: =IF(H$66>$A68,$B68,0) -> 0 | I68: =IF(I$66>$A68,$B68,0) -> 0 | J68: =IF(J$66>$A68,$B68,0) -> 0 | ... N68: =IF(N$66>$A68,$B68,0) -> 0 | O68: =SUM(C68:N68) -> 50000 | R68: 4000000 | S68: 50000 | T68: 50000 | U68: 50000 | V68: 50000 | W68: 50000 | X68: 0 | Y68: 50000 | Z68: 50000 | AA68: 50000 | AB68: 50000 | AC68: 50000 | AD68: 50000 | AE68: 0 | AF68: 500000
A69: 5000000 | B69: 30000 | C69: =IF(C$66>$A69,$B69,0) -> 0 | D69: =IF(D$66>$A69,$B69,0) -> 30000 | E69: =IF(E$66>$A69,$B69,0) -> 0 | F69: =IF(F$66>$A69,$B69,0) -> 0 | G69: =IF(G$66>$A69,$B69,0) -> 0 | H69: =IF(H$66>$A69,$B69,0) -> 0 | I69: =IF(I$66>$A69,$B69,0) -> 0 | J69: =IF(J$66>$A69,$B69,0) -> 0 | ... N69: =IF(N$66>$A69,$B69,0) -> 0 | O69: =SUM(C69:N69) -> 30000 | R69: 5000000 | S69: 30000 | T69: 0 | U69: 30000 | V69: 0 | W69: 30000 | X69: 0 | Y69: 30000 | Z69: 0 | AA69: 0 | AB69: 30000 | AC69: 30000 | AD69: 0 | AE69: 0 | AF69: 150000
A70: 6000000 | B70: 20000 | C70: =IF(C$66>$A70,$B70,0) -> 0 | D70: =IF(D$66>$A70,$B70,0) -> 0 | E70: =IF(E$66>$A70,$B70,0) -> 0 | F70: =IF(F$66>$A70,$B70,0) -> 0 | G70: =IF(G$66>$A70,$B70,0) -> 0 | H70: =IF(H$66>$A70,$B70,0) -> 0 | I70: =IF(I$66>$A70,$B70,0) -> 0 | J70: =IF(J$66>$A70,$B70,0) -> 0 | ... N70: =IF(N$66>$A70,$B70,0) -> 0 | O70: =SUM(C70:N70) -> 0 | R70: 6000000 | S70: 20000 | T70: 0 | U70: 0 | V70: 0 | W70: 20000 | X70: 0 | Y70: 0 | Z70: 0 | AA70: 0 | AB70: 20000 | AC70: 20000 | AD70: 0 | AE70: 0 | AF70: 60000
A71: 7000000 | B71: 20000 | C71: =IF(C$66>$A71,$B71,0) -> 0 | D71: =IF(D$66>$A71,$B71,0) -> 0 | E71: =IF(E$66>$A71,$B71,0) -> 0 | F71: =IF(F$66>$A71,$B71,0) -> 0 | G71: =IF(G$66>$A71,$B71,0) -> 0 | H71: =IF(H$66>$A71,$B71,0) -> 0 | I71: =IF(I$66>$A71,$B71,0) -> 0 | J71: =IF(J$66>$A71,$B71,0) -> 0 | ... N71: =IF(N$66>$A71,$B71,0) -> 0 | O71: =SUM(C71:N71) -> 0 | R71: 7000000 | S71: 20000 | T71: 0 | U71: 0 | V71: 0 | W71: 20000 | X71: 0 | Y71: 0 | Z71: 0 | AA71: 0 | AB71: 0 | AC71: 0 | AD71: 0 | AE71: 0 | AF71: 20000
A72: 8000000 | B72: 20000 | C72: =IF(C$66>$A72,$B72,0) -> 0 | D72: =IF(D$66>$A72,$B72,0) -> 0 | E72: =IF(E$66>$A72,$B72,0) -> 0 | F72: =IF(F$66>$A72,$B72,0) -> 0 | G72: =IF(G$66>$A72,$B72,0) -> 0 | H72: =IF(H$66>$A72,$B72,0) -> 0 | I72: =IF(I$66>$A72,$B72,0) -> 0 | J72: =IF(J$66>$A72,$B72,0) -> 0 | ... N72: =IF(N$66>$A72,$B72,0) -> 0 | O72: =SUM(C72:N72) -> 0 | R72: 8000000 | S72: 20000 | T72: 0 | U72: 0 | V72: 0 | W72: 0 | X72: 0 | Y72: 0 | Z72: 0 | AA72: 0 | AB72: 0 | AC72: 0 | AD72: 0 | AE72: 0 | AF72: 0
B73: 2026 | C73: =SUM(C67:C72) -> 0 | D73: =SUM(D67:D72) -> 180000 | E73: =SUM(E67:E72) -> 0 | F73: =SUM(F67:F72) -> 0 | G73: =SUM(G67:G72) -> 0 | H73: =SUM(H67:H72) -> 0 | I73: =SUM(I67:I72) -> 0 | J73: =SUM(J67:J72) -> 0 | ... N73: =SUM(N67:N72) -> 0 | O73: =SUM(C73:N73) -> 180000 | P73: =O73/12 -> 15000 | R73: 2025 | S73: 2025 | T73: 180000 | U73: 120000 | V73: 140000 | W73: 160000 | X73: 140000 | Y73: 180000 | Z73: 100000 | AA73: 100000 | AB73: 140000 | AC73: 140000 | AD73: 180000 | AE73: 140000 | AF73: 1720000 | AG73: 143333.33
B74: 2026 | C74: 470000 | D74: 520000 | E74: 520000 | F74: 520000 | G74: 520000 | H74: 520000 | I74: 520000 | J74: 520000 | K74: 520000 | L74: 520000 | M74: 520000 | N74: 520000 | O74: =SUM(C74:N74) -> 6190000 | R74: 2025 | S74: 2025 | T74: 430000 | U74: 430000 | V74: 430000 | W74: 430000 | X74: 430000 | Y74: 430000 | Z74: 470000 | AA74: 470000 | AB74: 470000 | AC74: 470000 | AD74: 470000 | AE74: 470000 | AF74: 5400000 | AG74: 450000
B75: 2026 | C75: =C73+C74 -> 470000 | D75: =D73+D74 -> 700000 | E75: =E73+E74 -> 520000 | F75: =F73+F74 -> 520000 | G75: =G73+G74 -> 520000 | H75: =H73+H74 -> 520000 | I75: =I73+I74 -> 520000 | J75: =J73+J74 -> 520000 | ... O75: =O73+O74 -> 6370000 | P75: =O75/12 -> 530833.33 | R75: 2025 | S75: 2025 | T75: 610000 | U75: 550000 | V75: 570000 | W75: 590000 | X75: 570000 | Y75: 610000 | Z75: 570000 | AA75: 570000 | AB75: 610000 | AC75: 610000 | AD75: 650000 | AE75: 610000 | AF75: 7120000 | AG75: 593333.33
B76: nettó | C76: =6650*C75/10000 -> 312550 | D76: =6650*D75/10000 -> 465500 | E76: =6650*E75/10000 -> 345800 | F76: =6650*F75/10000 -> 345800 | G76: =6650*G75/10000 -> 345800 | H76: =6650*H75/10000 -> 345800 | I76: =6650*I75/10000 -> 345800 | J76: =6650*J75/10000 -> 345800 | ... O76: =6650*O75/10000 -> 4236050 | P76: =O76/12 -> 353004.17
A77: 2025 | B77: 2025 | C77: 180000 | D77: 120000 | E77: 140000 | F77: 160000 | G77: 140000 | H77: 180000 | I77: 100000 | J77: 100000 | K77: 140000 | L77: 140000 | M77: 180000 | N77: 140000 | O77: =SUM(C77:N77) -> 1720000 | P77: =O77/12 -> 143333.33
A78: 2025 | B78: 2025 | C78: 430000 | D78: 430000 | E78: 430000 | F78: 430000 | G78: 430000 | H78: 430000 | I78: 470000 | J78: 470000 | K78: 470000 | L78: 470000 | M78: 470000 | N78: 470000 | O78: =SUM(C78:N78) -> 5400000 | P78: =O78/12 -> 450000
A79: 2025 | B79: 2025 | C79: =C77+C78 -> 610000 | D79: =D77+D78 -> 550000 | E79: =E77+E78 -> 570000 | F79: =F77+F78 -> 590000 | G79: =G77+G78 -> 570000 | H79: =H77+H78 -> 610000 | I79: =I77+I78 -> 570000 | J79: =J77+J78 -> 570000 | ... N79: =N77+N78 -> 610000 | O79: =SUM(C79:N79) -> 7120000 | P79: =O79/12 -> 593333.33
A82: Brigi | B82: 2026 | C82: Január | D82: Február | E82: Március | F82: Április | G82: Május | H82: Június | I82: Július | J82: Augusztus | K82: Szeptember | L82: Október | M82: November | N82: December | R82: Brigi | S82: 2025 | T82: Január | U82: Február | V82: Március | W82: Április | X82: Május | Y82: Június | Z82: Július | AA82: Augusztus | AB82: Szeptember | AC82: Október | AD82: November | AE82: December
A83: Horváth I | C83: =GETPIVOTDATA("Árrés",'MB-hez Árrés'!$C$4,"Kelt_hó",1,"Termékfajta","Alap","ÜK","Horváth István") -> 1640375.6 | D83: =GETPIVOTDATA("Árrés",'MB-hez Árrés'!$C$4,"Kelt_hó",2,"Termékfajta","Alap","ÜK","Horváth István") -> 1983878.6 | O83: =SUM(C83:N83) -> 3624254.2 | R83: Horváth I | T83: 172139.12 | U83: 1112581.8 | V83: 1867990 | W83: 1794101.7 | X83: 2283488.8 | Y83: 3311887.9 | Z83: 2681816.7 | AA83: 3253544 | AB83: 3777043.4 | AC83: 3155737.9 | AD83: 2608716.9 | AE83: 683005.96 | AF83: 26702054
O84: =SUM(C84:N84) -> 0 | AF84: 0
O85: =SUM(C85:N85) -> 0 | AF85: 0
C86: =SUM(C83:C85) -> 1640375.6 | D86: =SUM(D83:D85) -> 1983878.6 | E86: =SUM(E83:E85) -> 0 | F86: =SUM(F83:F85) -> 0 | G86: =SUM(G83:G85) -> 0 | H86: =SUM(H83:H85) -> 0 | I86: =SUM(I83:I85) -> 0 | J86: =SUM(J83:J85) -> 0 | ... N86: =SUM(N83:N85) -> 0 | O86: =SUM(C86:N86) -> 3624254.2 | T86: 172139.12 | U86: 1112581.8 | V86: 1867990 | W86: 1794101.7 | X86: 2283488.8 | Y86: 3311887.9 | Z86: 2681816.7 | AA86: 3253544 | AB86: 3777043.4 | AC86: 3155737.9 | AD86: 2608716.9 | AE86: 683005.96 | AF86: 26702054
A87: 500000 | B87: 80000 | C87: =IF(C$86>$A87,$B87,0) -> 80000 | D87: =IF(D$86>$A87,$B87,0) -> 80000 | E87: =IF(E$86>$A87,$B87,0) -> 0 | F87: =IF(F$86>$A87,$B87,0) -> 0 | G87: =IF(G$86>$A87,$B87,0) -> 0 | H87: =IF(H$86>$A87,$B87,0) -> 0 | I87: =IF(I$86>$A87,$B87,0) -> 0 | J87: =IF(J$86>$A87,$B87,0) -> 0 | ... N87: =IF(N$86>$A87,$B87,0) -> 0 | O87: =SUM(C87:N87) -> 160000 | R87: 500000 | S87: 80000 | T87: 0 | U87: 80000 | V87: 80000 | W87: 80000 | X87: 80000 | Y87: 80000 | Z87: 80000 | AA87: 80000 | AB87: 80000 | AC87: 80000 | AD87: 80000 | AE87: 80000 | AF87: 880000
A88: 1000000 | B88: 20000 | C88: =IF(C$86>$A88,$B88,0) -> 20000 | D88: =IF(D$86>$A88,$B88,0) -> 20000 | E88: =IF(E$86>$A88,$B88,0) -> 0 | F88: =IF(F$86>$A88,$B88,0) -> 0 | G88: =IF(G$86>$A88,$B88,0) -> 0 | H88: =IF(H$86>$A88,$B88,0) -> 0 | I88: =IF(I$86>$A88,$B88,0) -> 0 | J88: =IF(J$86>$A88,$B88,0) -> 0 | ... N88: =IF(N$86>$A88,$B88,0) -> 0 | O88: =SUM(C88:N88) -> 40000 | R88: 1000000 | S88: 20000 | T88: 0 | U88: 20000 | V88: 20000 | W88: 20000 | X88: 20000 | Y88: 20000 | Z88: 20000 | AA88: 20000 | AB88: 20000 | AC88: 20000 | AD88: 20000 | AE88: 0 | AF88: 200000
A89: 1500000 | B89: 20000 | C89: =IF(C$86>$A89,$B89,0) -> 20000 | D89: =IF(D$86>$A89,$B89,0) -> 20000 | E89: =IF(E$86>$A89,$B89,0) -> 0 | F89: =IF(F$86>$A89,$B89,0) -> 0 | G89: =IF(G$86>$A89,$B89,0) -> 0 | H89: =IF(H$86>$A89,$B89,0) -> 0 | I89: =IF(I$86>$A89,$B89,0) -> 0 | J89: =IF(J$86>$A89,$B89,0) -> 0 | ... N89: =IF(N$86>$A89,$B89,0) -> 0 | O89: =SUM(C89:N89) -> 40000 | R89: 1500000 | S89: 20000 | T89: 0 | U89: 0 | V89: 20000 | W89: 20000 | X89: 20000 | Y89: 20000 | Z89: 20000 | AA89: 20000 | AB89: 20000 | AC89: 20000 | AD89: 20000 | AE89: 0 | AF89: 180000
A90: 2000000 | B90: 30000 | C90: =IF(C$86>$A90,$B90,0) -> 0 | D90: =IF(D$86>$A90,$B90,0) -> 0 | E90: =IF(E$86>$A90,$B90,0) -> 0 | F90: =IF(F$86>$A90,$B90,0) -> 0 | G90: =IF(G$86>$A90,$B90,0) -> 0 | H90: =IF(H$86>$A90,$B90,0) -> 0 | I90: =IF(I$86>$A90,$B90,0) -> 0 | J90: =IF(J$86>$A90,$B90,0) -> 0 | ... N90: =IF(N$86>$A90,$B90,0) -> 0 | O90: =SUM(C90:N90) -> 0 | R90: 2000000 | S90: 30000 | T90: 0 | U90: 0 | V90: 0 | W90: 0 | X90: 30000 | Y90: 30000 | Z90: 30000 | AA90: 30000 | AB90: 30000 | AC90: 30000 | AD90: 30000 | AE90: 0 | AF90: 210000
A91: 2500000 | B91: 40000 | C91: =IF(C$86>$A91,$B91,0) -> 0 | D91: =IF(D$86>$A91,$B91,0) -> 0 | E91: =IF(E$86>$A91,$B91,0) -> 0 | F91: =IF(F$86>$A91,$B91,0) -> 0 | G91: =IF(G$86>$A91,$B91,0) -> 0 | H91: =IF(H$86>$A91,$B91,0) -> 0 | I91: =IF(I$86>$A91,$B91,0) -> 0 | J91: =IF(J$86>$A91,$B91,0) -> 0 | ... N91: =IF(N$86>$A91,$B91,0) -> 0 | O91: =SUM(C91:N91) -> 0 | R91: 2500000 | S91: 30000 | T91: 0 | U91: 0 | V91: 0 | W91: 0 | X91: 0 | Y91: 30000 | Z91: 30000 | AA91: 30000 | AB91: 30000 | AC91: 30000 | AD91: 30000 | AE91: 0 | AF91: 180000
A92: 3000000 | B92: 50000 | C92: =IF(C$86>$A92,$B92,0) -> 0 | D92: =IF(D$86>$A92,$B92,0) -> 0 | E92: =IF(E$86>$A92,$B92,0) -> 0 | F92: =IF(F$86>$A92,$B92,0) -> 0 | G92: =IF(G$86>$A92,$B92,0) -> 0 | H92: =IF(H$86>$A92,$B92,0) -> 0 | I92: =IF(I$86>$A92,$B92,0) -> 0 | J92: =IF(J$86>$A92,$B92,0) -> 0 | ... N92: =IF(N$86>$A92,$B92,0) -> 0 | O92: =SUM(C92:N92) -> 0 | R92: 3000000 | S92: 40000 | T92: 0 | U92: 0 | V92: 0 | W92: 0 | X92: 0 | Y92: 40000 | Z92: 0 | AA92: 40000 | AB92: 40000 | AC92: 40000 | AD92: 0 | AE92: 0 | AF92: 160000
B93: 2026 | C93: =SUM(C87:C92) -> 120000 | D93: =SUM(D87:D92) -> 120000 | E93: =SUM(E87:E92) -> 0 | F93: =SUM(F87:F92) -> 0 | G93: =SUM(G87:G92) -> 0 | H93: =SUM(H87:H92) -> 0 | I93: =SUM(I87:I92) -> 0 | J93: =SUM(J87:J92) -> 0 | ... N93: =SUM(N87:N92) -> 0 | O93: =SUM(C93:N93) -> 240000 | P93: =O93/12 -> 20000 | R93: 2025 | S93: 2025 | T93: 0 | U93: 100000 | V93: 120000 | W93: 120000 | X93: 150000 | Y93: 220000 | Z93: 180000 | AA93: 220000 | AB93: 220000 | AC93: 220000 | AD93: 180000 | AE93: 80000 | AF93: 1810000 | AG93: 150833.33
B94: 2026 | C94: 510000 | D94: 560000 | E94: 560000 | F94: 560000 | G94: 560000 | H94: 560000 | I94: 560000 | J94: 560000 | K94: 560000 | L94: 560000 | M94: 560000 | N94: 560000 | O94: =SUM(C94:N94) -> 6670000 | R94: 2025 | S94: 2025 | T94: 460000 | U94: 460000 | V94: 460000 | W94: 460000 | X94: 460000 | Y94: 460000 | Z94: 510000 | AA94: 510000 | AB94: 510000 | AC94: 510000 | AD94: 510000 | AE94: 510000 | AF94: 5820000 | AG94: 485000
B95: 2026 | C95: =C93+C94 -> 630000 | D95: =D93+D94 -> 680000 | E95: =E93+E94 -> 560000 | F95: =F93+F94 -> 560000 | G95: =G93+G94 -> 560000 | H95: =H93+H94 -> 560000 | I95: =I93+I94 -> 560000 | J95: =J93+J94 -> 560000 | ... O95: =O93+O94 -> 6910000 | P95: =O95/12 -> 575833.33 | R95: 2025 | S95: 2025 | T95: 460000 | U95: 560000 | V95: 580000 | W95: 580000 | X95: 610000 | Y95: 680000 | Z95: 690000 | AA95: 730000 | AB95: 730000 | AC95: 730000 | AD95: 690000 | AE95: 590000 | AF95: 7630000 | AG95: 635833.33
C96: =6650*C95/10000 -> 418950 | D96: =6650*D95/10000 -> 452200 | E96: =6650*E95/10000 -> 372400 | F96: =6650*F95/10000 -> 372400 | G96: =6650*G95/10000 -> 372400 | H96: =6650*H95/10000 -> 372400 | I96: =6650*I95/10000 -> 372400 | J96: =6650*J95/10000 -> 372400 | ... O96: =6650*O95/10000 -> 4595150 | P96: =O96/12 -> 382929.17
A97: 2025 | B97: 2025 | C97: 0 | D97: 100000 | E97: 120000 | F97: 120000 | G97: 150000 | H97: 220000 | I97: 180000 | J97: 220000 | K97: 220000 | L97: 220000 | M97: 180000 | N97: 80000 | O97: =SUM(C97:N97) -> 1810000 | P97: =O97/12 -> 150833.33
A98: 2025 | B98: 2025 | C98: 460000 | D98: 460000 | E98: 460000 | F98: 460000 | G98: 460000 | H98: 460000 | I98: 510000 | J98: 510000 | K98: 510000 | L98: 510000 | M98: 510000 | N98: 510000 | O98: =SUM(C98:N98) -> 5820000 | P98: =O98/12 -> 485000
A99: 2025 | B99: 2025 | C99: =C97+C98 -> 460000 | D99: =D97+D98 -> 560000 | E99: =E97+E98 -> 580000 | F99: =F97+F98 -> 580000 | G99: =G97+G98 -> 610000 | H99: =H97+H98 -> 680000 | I99: =I97+I98 -> 690000 | J99: =J97+J98 -> 730000 | ... N99: =N97+N98 -> 590000 | O99: =SUM(C99:N99) -> 7630000 | P99: =O99/12 -> 635833.33
A102: RG | B102: H-ITB | C102: =GETPIVOTDATA("SzumElad",SumElad!$A$3,"Kelt_hó",1) -> 84153366 | D102: =GETPIVOTDATA("SzumElad",SumElad!$A$3,"Kelt_hó",2) -> 1.1706842e+08 | O102: =SUM(C102:N102) -> 2.0122179e+08 | R102: RG | S102: H-ITB | T102: 78838869 | U102: 1.0297125e+08 | V102: 1.0366124e+08 | W102: 1.0385295e+08 | X102: 1.0068939e+08 | Y102: 1.0522088e+08 | Z102: 1.251067e+08 | AA102: 95100309 | AB102: 1.2008501e+08 | AC102: 1.289371e+08 | AD102: 1.3786152e+08 | AE102: 1.0753306e+08 | AF102: 1.3098583e+09
A103: 70000000 | B103: 100000 | C103: =IF(C$102>$A103,$B103,0) -> 100000 | D103: =IF(D$102>$A103,$B103,0) -> 100000 | E103: =IF(E$102>$A103,$B103,0) -> 0 | F103: =IF(F$102>$A103,$B103,0) -> 0 | G103: =IF(G$102>$A103,$B103,0) -> 0 | H103: =IF(H$102>$A103,$B103,0) -> 0 | I103: =IF(I$102>$A103,$B103,0) -> 0 | J103: =IF(J$102>$A103,$B103,0) -> 0 | ... N103: =IF(N$102>$A103,$B103,0) -> 0 | O103: =SUM(A103:N103) -> 70300000 | R103: 70000000 | S103: 100000 | T103: 100000 | U103: 100000 | V103: 100000 | W103: 100000 | X103: 100000 | Y103: 100000 | Z103: 100000 | AA103: 100000 | AB103: 100000 | AC103: 100000 | AD103: 100000 | AE103: 100000 | AF103: 71300000
A104: 80000000 | B104: 20000 | C104: =IF(C$102>$A104,$B104,0) -> 20000 | D104: =IF(D$102>$A104,$B104,0) -> 20000 | E104: =IF(E$102>$A104,$B104,0) -> 0 | F104: =IF(F$102>$A104,$B104,0) -> 0 | G104: =IF(G$102>$A104,$B104,0) -> 0 | H104: =IF(H$102>$A104,$B104,0) -> 0 | I104: =IF(I$102>$A104,$B104,0) -> 0 | J104: =IF(J$102>$A104,$B104,0) -> 0 | ... N104: =IF(N$102>$A104,$B104,0) -> 0 | O104: =SUM(A104:N104) -> 80060000 | R104: 80000000 | S104: 20000 | T104: 0 | U104: 20000 | V104: 20000 | W104: 20000 | X104: 20000 | Y104: 20000 | Z104: 20000 | AA104: 20000 | AB104: 20000 | AC104: 20000 | AD104: 20000 | AE104: 20000 | AF104: 80240000
A105: 100000000 | B105: 20000 | C105: =IF(C$102>$A105,$B105,0) -> 0 | D105: =IF(D$102>$A105,$B105,0) -> 20000 | E105: =IF(E$102>$A105,$B105,0) -> 0 | F105: =IF(F$102>$A105,$B105,0) -> 0 | G105: =IF(G$102>$A105,$B105,0) -> 0 | H105: =IF(H$102>$A105,$B105,0) -> 0 | I105: =IF(I$102>$A105,$B105,0) -> 0 | J105: =IF(J$102>$A105,$B105,0) -> 0 | ... N105: =IF(N$102>$A105,$B105,0) -> 0 | O105: =SUM(A105:N105) -> 100040000 | R105: 100000000 | S105: 20000 | T105: 0 | U105: 20000 | V105: 20000 | W105: 20000 | X105: 20000 | Y105: 20000 | Z105: 20000 | AA105: 0 | AB105: 20000 | AC105: 20000 | AD105: 20000 | AE105: 20000 | AF105: 100220000
A106: 120000000 | B106: 20000 | C106: =IF(C$102>$A106,$B106,0) -> 0 | D106: =IF(D$102>$A106,$B106,0) -> 0 | E106: =IF(E$102>$A106,$B106,0) -> 0 | F106: =IF(F$102>$A106,$B106,0) -> 0 | G106: =IF(G$102>$A106,$B106,0) -> 0 | H106: =IF(H$102>$A106,$B106,0) -> 0 | I106: =IF(I$102>$A106,$B106,0) -> 0 | J106: =IF(J$102>$A106,$B106,0) -> 0 | ... N106: =IF(N$102>$A106,$B106,0) -> 0 | O106: =SUM(A106:N106) -> 120020000 | R106: 120000000 | S106: 20000 | T106: 0 | U106: 0 | V106: 0 | W106: 0 | X106: 0 | Y106: 0 | Z106: 20000 | AA106: 0 | AB106: 20000 | AC106: 20000 | AD106: 20000 | AE106: 0 | AF106: 120100000
A107: 130000000 | B107: 20000 | C107: =IF(C$102>$A107,$B107,0) -> 0 | D107: =IF(D$102>$A107,$B107,0) -> 0 | E107: =IF(E$102>$A107,$B107,0) -> 0 | F107: =IF(F$102>$A107,$B107,0) -> 0 | G107: =IF(G$102>$A107,$B107,0) -> 0 | H107: =IF(H$102>$A107,$B107,0) -> 0 | I107: =IF(I$102>$A107,$B107,0) -> 0 | J107: =IF(J$102>$A107,$B107,0) -> 0 | ... N107: =IF(N$102>$A107,$B107,0) -> 0 | O107: =SUM(A107:N107) -> 130020000 | R107: 130000000 | S107: 20000 | T107: 0 | U107: 0 | V107: 0 | W107: 0 | X107: 0 | Y107: 0 | Z107: 0 | AA107: 0 | AB107: 0 | AC107: 0 | AD107: 20000 | AE107: 0 | AF107: 130040000
A108: 140000000 | B108: 20000 | C108: =IF(C$102>$A108,$B108,0) -> 0 | D108: =IF(D$102>$A108,$B108,0) -> 0 | E108: =IF(E$102>$A108,$B108,0) -> 0 | F108: =IF(F$102>$A108,$B108,0) -> 0 | G108: =IF(G$102>$A108,$B108,0) -> 0 | H108: =IF(H$102>$A108,$B108,0) -> 0 | I108: =IF(I$102>$A108,$B108,0) -> 0 | J108: =IF(J$102>$A108,$B108,0) -> 0 | ... N108: =IF(N$102>$A108,$B108,0) -> 0 | O108: =SUM(A108:N108) -> 140020000 | R108: 140000000 | S108: 20000 | T108: 0 | U108: 0 | V108: 0 | W108: 0 | X108: 0 | Y108: 0 | Z108: 0 | AA108: 0 | AB108: 0 | AC108: 0 | AD108: 0 | AE108: 0 | AF108: 140020000
B109: 2026 | C109: =SUM(C103:C108) -> 120000 | D109: =SUM(D103:D108) -> 140000 | E109: =SUM(E103:E108) -> 0 | F109: =SUM(F103:F108) -> 0 | G109: =SUM(G103:G108) -> 0 | H109: =SUM(H103:H108) -> 0 | I109: =SUM(I103:I108) -> 0 | J109: =SUM(J103:J108) -> 0 | ... N109: =SUM(N103:N108) -> 0 | O109: =SUM(C109:N109) -> 260000 | P109: =O109/12 -> 21666.667 | T109: 100000 | U109: 140000 | V109: 140000 | W109: 140000 | X109: 140000 | Y109: 140000 | Z109: 160000 | AA109: 120000 | AB109: 160000 | AC109: 160000 | AD109: 180000 | AE109: 140000 | AF109: 1720000 | AG109: 143333.33
A110: RG | B110: 2026 | C110: Január | D110: Február | E110: Március | F110: Április | G110: Május | H110: Június | I110: Július | J110: Augusztus | K110: Szeptember | L110: Október | M110: November | N110: December | R110: RG | S110: 2025 | T110: Január | U110: Február | V110: Március | W110: Április | X110: Május | Y110: Június | Z110: Július | AA110: Augusztus | AB110: Szeptember | AC110: Október | AD110: November | AE110: December
A111: Dizalica doo | C111: =GETPIVOTDATA("KÜlföldEUR",Külföld!$A$3,"Vevő","Dizalica doo","Kelt_hó",1) -> 16696.5 | D111: =GETPIVOTDATA("KÜlföldEUR",Külföld!$A$3,"Vevő","Dizalica doo","Kelt_hó",2) -> 4596.99 | O111: =SUM(C111:N111) -> 21293.49 | R111: Dizalica doo | T111: 2574.42 | U111: 4907.23 | V111: 13747.82 | W111: 21214.5 | X111: 1000.17 | Y111: 1932.6 | Z111: 5688.6 | AA111: 3445.81 | AB111: 8859.2 | AC111: 17160.77 | AD111: 3300.42 | AE111: 5416.88 | AF111: 89248.42
...

Sheet Bérek
B1: Január | C1: Február | D1: Március | E1: Április | F1: Május | G1: Június | H1: Július | I1: Augusztus | J1: Szeptember | K1: Október | L1: November | M1: December
B2: 25_br_prém | C2: 25_br_prém | D2: 25_br_prém | E2: 25_br_prém | F2: 25_br_prém | G2: 25_br_prém | H2: 25_br_prém | I2: 25_br_prém | J2: 25_br_prém | K2: 25_br_prém | L2: 25_br_prém | M2: 25_br_prém
A3: Csergő Éva | B3: =MB!C12 -> 250000 | C3: =MB!D12 -> 400000 | D3: =MB!E12 -> 0 | E3: =MB!F12 -> 0 | F3: =MB!G12 -> 0 | G3: =MB!H12 -> 0 | H3: =MB!I12 -> 0 | I3: =MB!J12 -> 0 | ... M3: =MB!N12 -> 0
A4: Vértesi Kati | B4: =MB!C53 -> 160000 | C4: =MB!D53 -> 180000 | D4: =MB!E53 -> 0 | E4: =MB!F53 -> 0 | F4: =MB!G53 -> 0 | G4: =MB!H53 -> 0 | H4: =MB!I53 -> 0 | I4: =MB!J53 -> 0 | ... M4: =MB!N53 -> 0
A5: Varga Tamás | B5: =MB!C33 -> 200000 | C5: =MB!D33 -> 200000 | D5: =MB!E33 -> 0 | E5: =MB!F33 -> 0 | F5: =MB!G33 -> 0 | G5: =MB!H33 -> 0 | H5: =MB!I33 -> 0 | I5: =MB!J33 -> 0 | ... M5: =MB!N33 -> 0
A6: Kiss Brigitta | B6: =MB!C93 -> 120000 | C6: =MB!D93 -> 120000 | D6: =MB!E93 -> 0 | E6: =MB!F93 -> 0 | F6: =MB!G93 -> 0 | G6: =MB!H93 -> 0 | H6: =MB!I93 -> 0 | I6: =MB!J93 -> 0 | ... M6: =MB!N93 -> 0
A7: Szabó Papp Szilvia | B7: =MB!C73 -> 0 | C7: =MB!D73 -> 180000 | D7: =MB!E73 -> 0 | E7: =MB!F73 -> 0 | F7: =MB!G73 -> 0 | G7: =MB!H73 -> 0 | H7: =MB!I73 -> 0 | I7: =MB!J73 -> 0 | ... M7: =MB!N73 -> 0
A8: Róth Gábor | B8: =MB!C122 -> 120000 | C8: =MB!D122 -> 140000 | D8: =MB!E122 -> 100000 | E8: =MB!F122 -> 0 | F8: =MB!G122 -> 0 | G8: =MB!H122 -> 0 | H8: =MB!I122 -> 0 | I8: =MB!J122 -> 0 | ... M8: =MB!N122 -> 0
A10: Rosta Anikó | B10: =MB!C265 -> 80000 | C10: =MB!D265 -> 130000 | D10: =MB!E265 -> 0 | E10: =MB!F265 -> 0 | F10: =MB!G265 -> 0 | G10: =MB!H265 -> 0 | H10: =MB!I265 -> 0 | I10: =MB!J265 -> 0 | ... M10: =MB!N265 -> 0
A11: Dobos-Minda Izabella | B11: =MB!C411 -> 213554.28 | C11: =MB!D411 -> 444818.35 | D11: =MB!E411 -> 0 | E11: =MB!F411 -> 0 | F11: =MB!G411 -> 0 | G11: =MB!H411 -> 0 | H11: =MB!I411 -> 0 | I11: =MB!J411 -> 0 | ... M11: =MB!N411 -> 0
A12: Lukácsné Judit | B12: =MB!C249 -> 150000 | C12: =MB!D249 -> 220000 | D12: =MB!E249 -> 0 | E12: =MB!F249 -> 0 | F12: =MB!G249 -> 0 | G12: =MB!H249 -> 0 | H12: =MB!I249 -> 0 | I12: =MB!J249 -> 0 | ... M12: =MB!N249 -> 0
A14: Gyeskó Béláné | B14: =MB!C281 -> 70000 | C14: =MB!D281 -> 90000 | D14: =MB!E281 -> 0 | E14: =MB!F281 -> 0 | F14: =MB!G281 -> 0 | G14: =MB!H281 -> 0 | H14: =MB!I281 -> 0 | I14: =MB!J281 -> 0 | ... M14: =MB!N281 -> 0
A15: Antal Erika | B15: =MB!C281 -> 70000 | C15: =MB!D281 -> 90000 | D15: =MB!E281 -> 0 | E15: =MB!F281 -> 0 | F15: =MB!G281 -> 0 | G15: =MB!H281 -> 0 | H15: =MB!I281 -> 0 | I15: =MB!J281 -> 0 | ... M15: =MB!N281 -> 0
A16: Király Zoltánné | B16: =MB!C281 -> 70000 | C16: =MB!D281 -> 90000 | D16: =MB!E281 -> 0 | E16: =MB!F281 -> 0 | F16: =MB!G281 -> 0 | G16: =MB!H281 -> 0 | H16: =MB!I281 -> 0 | I16: =MB!J281 -> 0 | ... M16: =MB!N281 -> 0
A18: Al-Bathali Ádám | B18: =MB!C329 -> 110000 | C18: =MB!D329 -> 145000 | D18: =MB!E329 -> 0 | E18: =MB!F329 -> 0 | F18: =MB!G329 -> 0 | G18: =MB!H329 -> 0 | H18: =MB!I329 -> 0 | I18: =MB!J329 -> 0 | ... M18: =MB!N329 -> 0
A19: Szabó Mihály | B19: =MB!C313 -> 110000 | C19: =MB!D313 -> 145000 | D19: =MB!E313 -> 0 | E19: =MB!F313 -> 0 | F19: =MB!G313 -> 0 | G19: =MB!H313 -> 0 | H19: =MB!I313 -> 0 | I19: =MB!J313 -> 0 | ... M19: =MB!N313 -> 0
A20: Kátai László | B20: =MB!C297 -> 140000 | C20: =MB!D297 -> 190000 | D20: =MB!E297 -> 0 | E20: =MB!F297 -> 0 | F20: =MB!G297 -> 0 | G20: =MB!H297 -> 0 | H20: =MB!I297 -> 0 | I20: =MB!J297 -> 0 | ... M20: =MB!N297 -> 0
A22: Nagy István | B22: =MB!C177 -> 185223 | C22: =MB!D177 -> 358345.76 | D22: =MB!E177 -> 219669.64 | E22: =MB!F177 -> 246235.28 | F22: =MB!G177 -> 600000 | G22: =MB!H177 -> 600000 | H22: =MB!I177 -> 600000 | I22: =MB!J177 -> 244270.72 | ... M22: =MB!N177 -> 600000
A23: Kondics Bernadett | B23: =MB!C214 -> 185223 | C23: =MB!D214 -> 306569.49 | D23: =MB!E214 -> 219669.64 | E23: =MB!F214 -> 243507.35 | F23: =MB!G214 -> 430000 | G23: =MB!H214 -> 430000 | H23: =MB!I214 -> 430000 | I23: =MB!J214 -> 242402.28 | ... M23: =MB!N214 -> 430000
A24: Orbán Gergely | B24: =MB!C140 -> 500429.75 | C24: =MB!D140 -> 541631.38 | D24: =MB!E140 -> 0 | E24: =MB!F140 -> 0 | F24: =MB!G140 -> 0 | G24: =MB!H140 -> 0 | H24: =MB!I140 -> 0 | I24: =MB!J140 -> 0 | ... M24: =MB!N140 -> 0
A26: Bagyinszky Lóránt | B26: =MB!C367 -> 281902.77 | C26: =MB!D367 -> 333312.86 | D26: =MB!E367 -> 50000 | E26: =MB!F367 -> 50000 | F26: =MB!G367 -> 50000 | G26: =MB!H367 -> 50000 | H26: =MB!I367 -> 50000 | I26: =MB!J367 -> 50000 | ... M26: =MB!N367 -> 50000
A27: Nagy Imre | B27: =MB!C354 -> 331902.77 | C27: =MB!D354 -> 383312.86 | D27: =MB!E354 -> 100000 | E27: =MB!F354 -> 100000 | F27: =MB!G354 -> 100000 | G27: =MB!H354 -> 100000 | H27: =MB!I354 -> 100000 | I27: =MB!J354 -> 100000 | ... M27: =MB!N354 -> 100000
A28: Szadlon Norbert | B28: =MB!C400 -> 436691.6 | C28: =MB!D400 -> 840220.76 | D28: =MB!E400 -> 80000 | E28: =MB!F400 -> 80000 | F28: =MB!G400 -> 80000 | G28: =MB!H400 -> 80000 | H28: =MB!I400 -> 80000 | I28: =MB!J400 -> 80000 | ... M28: =MB!N400 -> 80000
A29: Geröly Iván | B29: =MB!C387 -> 436691.6 | C29: =MB!D387 -> 840220.76 | D29: =MB!E387 -> 80000 | E29: =MB!F387 -> 80000 | F29: =MB!G387 -> 80000 | G29: =MB!H387 -> 80000 | H29: =MB!I387 -> 80000 | I29: =MB!J387 -> 80000 | ... M29: =MB!N387 -> 80000
B30: =SUM(B3:B29) -> 4221618.8 | C30: =SUM(C3:C29) -> 6368432.2 | D30: =SUM(D3:D29) -> 849339.28 | E30: =SUM(E3:E29) -> 799742.62 | F30: =SUM(F3:F29) -> 1340000 | G30: =SUM(G3:G29) -> 1340000 | H30: =SUM(H3:H29) -> 1340000 | I30: =SUM(I3:I29) -> 796673 | ... M30: =SUM(M3:M29) -> 1340000
